東武東上線,下り,101,普通,志木,446,平日,志木,発,446
東武東上線,下り,101,普通,志木,446,平日,柳瀬川,発,448
東武東上線,下り,101,普通,志木,446,平日,みずほ台,発,450
東武東上線,下り,101,普通,志木,446,平日,鶴瀬,発,453
東武東上線,下り,101,普通,志木,446,平日,ふじみ野,着,455
東武東上線,下り,101,普通,志木,446,平日,ふじみ野,発,455
東武東上線,下り,101,普通,志木,446,平日,上福岡,発,458
東武東上線,下り,101,普通,志木,446,平日,新河岸,発,501
東武東上線,下り,101,普通,志木,446,平日,川越,発,503
東武東上線,下り,101,普通,志木,446,平日,川越市,着,505
東武東上線,下り,101,普通,志木,446,平日,川越市,発,505
東武東上線,下り,101,普通,志木,446,平日,霞ヶ関,発,509
東武東上線,下り,101,普通,志木,446,平日,鶴ヶ島,発,512
東武東上線,下り,101,普通,志木,446,平日,若葉,発,514
東武東上線,下り,101,普通,志木,446,平日,坂戸,発,516
東武東上線,下り,101,普通,志木,446,平日,坂戸,発,516
東武東上線,下り,101,普通,志木,446,平日,北坂戸,発,519
東武東上線,下り,101,普通,志木,446,平日,高坂,発,523
東武東上線,下り,101,普通,志木,446,平日,東松山,発,526
東武東上線,下り,101,普通,志木,446,平日,森林公園,着,529
東武東上線,下り,101,普通,志木,446,平日,森林公園,発,530
東武東上線,下り,101,普通,志木,446,平日,つきのわ,発,533
東武東上線,下り,101,普通,志木,446,平日,武蔵嵐山,発,535
東武東上線,下り,101,普通,志木,446,平日,小川町,着,542
東武東上線,下り,103,普通,成増,459,平日,成増,発,459
東武東上線,下り,103,普通,成増,459,平日,和光市,発,502
東武東上線,下り,103,普通,成増,459,平日,朝霞台,発,505
東武東上線,下り,103,普通,成増,459,平日,志木,着,508
東武東上線,下り,103,普通,成増,459,平日,志木,発,510
東武東上線,下り,103,普通,成増,459,平日,柳瀬川,発,513
東武東上線,下り,103,普通,成増,459,平日,みずほ台,発,515
東武東上線,下り,103,普通,成増,459,平日,鶴瀬,発,517
東武東上線,下り,103,普通,成増,459,平日,ふじみ野,着,519
東武東上線,下り,103,普通,成増,459,平日,ふじみ野,発,520
東武東上線,下り,103,普通,成増,459,平日,上福岡,発,522
東武東上線,下り,103,普通,成増,459,平日,新河岸,発,525
東武東上線,下り,103,普通,成増,459,平日,川越,発,528
東武東上線,下り,103,普通,成増,459,平日,川越市,着,529
東武東上線,下り,103,普通,成増,459,平日,川越市,発,530
東武東上線,下り,103,普通,成増,459,平日,霞ヶ関,発,533
東武東上線,下り,103,普通,成増,459,平日,鶴ヶ島,発,536
東武東上線,下り,103,普通,成増,459,平日,若葉,発,538
東武東上線,下り,103,普通,成増,459,平日,坂戸,発,540
東武東上線,下り,103,普通,成増,459,平日,坂戸,発,541
東武東上線,下り,103,普通,成増,459,平日,北坂戸,発,543
東武東上線,下り,103,普通,成増,459,平日,高坂,発,547
東武東上線,下り,103,普通,成増,459,平日,東松山,発,551
東武東上線,下り,103,普通,成増,459,平日,森林公園,着,553
東武東上線,下り,103,普通,成増,459,平日,森林公園,発,554
東武東上線,下り,103,普通,成増,459,平日,つきのわ,発,557
東武東上線,下り,103,普通,成増,459,平日,武蔵嵐山,発,600
東武東上線,下り,103,普通,成増,459,平日,小川町,着,607
東武東上線,下り,105,普通,池袋,502,平日,池袋,発,502
東武東上線,下り,105,普通,池袋,502,平日,北池袋,発,504
東武東上線,下り,105,普通,池袋,502,平日,下板橋,発,505
東武東上線,下り,105,普通,池袋,502,平日,大山,発,507
東武東上線,下り,105,普通,池袋,502,平日,中板橋,発,509
東武東上線,下り,105,普通,池袋,502,平日,ときわ台,発,510
東武東上線,下り,105,普通,池袋,502,平日,上板橋,発,512
東武東上線,下り,105,普通,池袋,502,平日,東武練馬,発,514
東武東上線,下り,105,普通,池袋,502,平日,下赤塚,発,517
東武東上線,下り,105,普通,池袋,502,平日,成増,着,518
東武東上線,下り,105,普通,池袋,502,平日,成増,発,519
東武東上線,下り,105,普通,池袋,502,平日,和光市,発,522
東武東上線,下り,105,普通,池袋,502,平日,朝霞,発,524
東武東上線,下り,105,普通,池袋,502,平日,朝霞台,発,527
東武東上線,下り,105,普通,池袋,502,平日,志木,着,529
東武東上線,下り,105,普通,池袋,502,平日,志木,発,530
東武東上線,下り,105,普通,池袋,502,平日,柳瀬川,発,532
東武東上線,下り,105,普通,池袋,502,平日,みずほ台,発,534
東武東上線,下り,105,普通,池袋,502,平日,鶴瀬,発,536
東武東上線,下り,105,普通,池袋,502,平日,ふじみ野,着,539
東武東上線,下り,105,普通,池袋,502,平日,ふじみ野,発,539
東武東上線,下り,105,普通,池袋,502,平日,上福岡,発,542
東武東上線,下り,105,普通,池袋,502,平日,新河岸,発,544
東武東上線,下り,105,普通,池袋,502,平日,川越,発,547
東武東上線,下り,105,普通,池袋,502,平日,川越市,着,549
東武東上線,下り,105,普通,池袋,502,平日,川越市,発,549
東武東上線,下り,105,普通,池袋,502,平日,霞ヶ関,発,553
東武東上線,下り,105,普通,池袋,502,平日,鶴ヶ島,発,555
東武東上線,下り,105,普通,池袋,502,平日,若葉,発,558
東武東上線,下り,105,普通,池袋,502,平日,坂戸,着,600
東武東上線,下り,105,普通,池袋,502,平日,坂戸,発,600
東武東上線,下り,105,普通,池袋,502,平日,北坂戸,発,603
東武東上線,下り,105,普通,池袋,502,平日,高坂,発,606
東武東上線,下り,105,普通,池袋,502,平日,東松山,発,610
東武東上線,下り,105,普通,池袋,502,平日,森林公園,着,613
東武東上線,下り,105,普通,池袋,502,平日,森林公園,発,613
東武東上線,下り,105,普通,池袋,502,平日,つきのわ,発,616
東武東上線,下り,105,普通,池袋,502,平日,武蔵嵐山,発,619
東武東上線,下り,105,普通,池袋,502,平日,小川町,着,626
東武東上線,下り,301,普通,池袋,514,平日,池袋,発,514
東武東上線,下り,301,普通,池袋,514,平日,北池袋,発,516
東武東上線,下り,301,普通,池袋,514,平日,下板橋,発,517
東武東上線,下り,301,普通,池袋,514,平日,大山,発,519
東武東上線,下り,301,普通,池袋,514,平日,中板橋,発,521
東武東上線,下り,301,普通,池袋,514,平日,ときわ台,発,522
東武東上線,下り,301,普通,池袋,514,平日,上板橋,発,524
東武東上線,下り,301,普通,池袋,514,平日,東武練馬,発,526
東武東上線,下り,301,普通,池袋,514,平日,下赤塚,発,529
東武東上線,下り,301,普通,池袋,514,平日,成増,着,530
東武東上線,下り,301,普通,池袋,514,平日,成増,発,531
東武東上線,下り,301,普通,池袋,514,平日,和光市,発,534
東武東上線,下り,301,普通,池袋,514,平日,朝霞,発,536
東武東上線,下り,301,普通,池袋,514,平日,朝霞台,発,539
東武東上線,下り,301,普通,池袋,514,平日,志木,着,541
東武東上線,下り,301,普通,池袋,514,平日,志木,発,542
東武東上線,下り,301,普通,池袋,514,平日,柳瀬川,発,544
東武東上線,下り,301,普通,池袋,514,平日,みずほ台,発,546
東武東上線,下り,301,普通,池袋,514,平日,鶴瀬,発,548
東武東上線,下り,301,普通,池袋,514,平日,ふじみ野,着,551
東武東上線,下り,301,普通,池袋,514,平日,ふじみ野,発,551
東武東上線,下り,301,普通,池袋,514,平日,上福岡,発,554
東武東上線,下り,301,普通,池袋,514,平日,新河岸,発,556
東武東上線,下り,301,普通,池袋,514,平日,川越,発,559
東武東上線,下り,301,普通,池袋,514,平日,川越市,着,601
東武東上線,下り,303,普通,池袋,521,平日,池袋,発,521
東武東上線,下り,303,普通,池袋,521,平日,北池袋,発,523
東武東上線,下り,303,普通,池袋,521,平日,下板橋,発,524
東武東上線,下り,303,普通,池袋,521,平日,大山,発,526
東武東上線,下り,303,普通,池袋,521,平日,中板橋,発,528
東武東上線,下り,303,普通,池袋,521,平日,ときわ台,発,529
東武東上線,下り,303,普通,池袋,521,平日,上板橋,発,531
東武東上線,下り,303,普通,池袋,521,平日,東武練馬,発,533
東武東上線,下り,303,普通,池袋,521,平日,下赤塚,発,536
東武東上線,下り,303,普通,池袋,521,平日,成増,着,538
東武東上線,下り,303,普通,池袋,521,平日,成増,発,543
東武東上線,下り,303,普通,池袋,521,平日,和光市,発,546
東武東上線,下り,303,普通,池袋,521,平日,朝霞,発,548
東武東上線,下り,303,普通,池袋,521,平日,朝霞台,発,551
東武東上線,下り,303,普通,池袋,521,平日,志木,着,553
東武東上線,下り,303,普通,池袋,521,平日,志木,発,554
東武東上線,下り,303,普通,池袋,521,平日,柳瀬川,発,556
東武東上線,下り,303,普通,池袋,521,平日,みずほ台,発,558
東武東上線,下り,303,普通,池袋,521,平日,鶴瀬,発,600
東武東上線,下り,303,普通,池袋,521,平日,ふじみ野,着,603
東武東上線,下り,303,普通,池袋,521,平日,ふじみ野,発,603
東武東上線,下り,303,普通,池袋,521,平日,上福岡,発,606
東武東上線,下り,303,普通,池袋,521,平日,新河岸,発,608
東武東上線,下り,303,普通,池袋,521,平日,川越,発,611
東武東上線,下り,303,普通,池袋,521,平日,川越市,着,613
東武東上線,下り,1001,急行,池袋,530,平日,池袋,発,530
東武東上線,下り,1001,急行,池袋,530,平日,北池袋,発,レ
東武東上線,下り,1001,急行,池袋,530,平日,下板橋,発,レ
東武東上線,下り,1001,急行,池袋,530,平日,大山,発,レ
東武東上線,下り,1001,急行,池袋,530,平日,中板橋,発,レ
東武東上線,下り,1001,急行,池袋,530,平日,ときわ台,発,レ
東武東上線,下り,1001,急行,池袋,530,平日,上板橋,発,レ
東武東上線,下り,1001,急行,池袋,530,平日,東武練馬,発,レ
東武東上線,下り,1001,急行,池袋,530,平日,下赤塚,発,レ
東武東上線,下り,1001,急行,池袋,530,平日,成増,着,539
東武東上線,下り,1001,急行,池袋,530,平日,成増,発,540
東武東上線,下り,1001,急行,池袋,530,平日,和光市,発,543
東武東上線,下り,1001,急行,池袋,530,平日,朝霞,発,545
東武東上線,下り,1001,急行,池袋,530,平日,朝霞台,発,548
東武東上線,下り,1001,急行,池袋,530,平日,志木,着,550
東武東上線,下り,1001,急行,池袋,530,平日,志木,発,551
東武東上線,下り,1001,急行,池袋,530,平日,柳瀬川,発,レ
東武東上線,下り,1001,急行,池袋,530,平日,みずほ台,発,レ
東武東上線,下り,1001,急行,池袋,530,平日,鶴瀬,発,レ
東武東上線,下り,1001,急行,池袋,530,平日,ふじみ野,着,556
東武東上線,下り,1001,急行,池袋,530,平日,ふじみ野,発,557
東武東上線,下り,1001,急行,池袋,530,平日,上福岡,発,レ
東武東上線,下り,1001,急行,池袋,530,平日,新河岸,発,レ
東武東上線,下り,1001,急行,池袋,530,平日,川越,発,603
東武東上線,下り,1001,急行,池袋,530,平日,川越市,着,604
東武東上線,下り,1001,急行,池袋,530,平日,川越市,発,605
東武東上線,下り,1001,急行,池袋,530,平日,霞ヶ関,発,609
東武東上線,下り,1001,急行,池袋,530,平日,鶴ヶ島,発,611
東武東上線,下り,1001,急行,池袋,530,平日,若葉,発,614
東武東上線,下り,1001,急行,池袋,530,平日,坂戸,着,616
東武東上線,下り,1001,急行,池袋,530,平日,坂戸,発,616
東武東上線,下り,1001,急行,池袋,530,平日,北坂戸,発,619
東武東上線,下り,1001,急行,池袋,530,平日,高坂,発,622
東武東上線,下り,1001,急行,池袋,530,平日,東松山,発,626
東武東上線,下り,1001,急行,池袋,530,平日,森林公園,着,629
東武東上線,下り,1001,急行,池袋,530,平日,森林公園,発,634
東武東上線,下り,1001,急行,池袋,530,平日,つきのわ,発,637
東武東上線,下り,1001,急行,池袋,530,平日,武蔵嵐山,発,639
東武東上線,下り,1001,急行,池袋,530,平日,小川町,着,646
東武東上線,下り,107,普通,池袋,532,平日,池袋,発,532
東武東上線,下り,107,普通,池袋,532,平日,北池袋,発,534
東武東上線,下り,107,普通,池袋,532,平日,下板橋,発,535
東武東上線,下り,107,普通,池袋,532,平日,大山,発,537
東武東上線,下り,107,普通,池袋,532,平日,中板橋,発,539
東武東上線,下り,107,普通,池袋,532,平日,ときわ台,発,540
東武東上線,下り,107,普通,池袋,532,平日,上板橋,発,542
東武東上線,下り,107,普通,池袋,532,平日,東武練馬,発,544
東武東上線,下り,107,普通,池袋,532,平日,下赤塚,発,547
東武東上線,下り,107,普通,池袋,532,平日,成増,着,548
東武東上線,下り,107,普通,池袋,532,平日,成増,発,549
東武東上線,下り,107,普通,池袋,532,平日,和光市,発,552
東武東上線,下り,107,普通,池袋,532,平日,朝霞,発,555
東武東上線,下り,107,普通,池袋,532,平日,朝霞台,発,558
東武東上線,下り,107,普通,池袋,532,平日,志木,着,600
東武東上線,下り,107,普通,池袋,532,平日,志木,発,600
東武東上線,下り,107,普通,池袋,532,平日,柳瀬川,発,603
東武東上線,下り,107,普通,池袋,532,平日,みずほ台,発,605
東武東上線,下り,107,普通,池袋,532,平日,鶴瀬,発,607
東武東上線,下り,107,普通,池袋,532,平日,ふじみ野,着,609
東武東上線,下り,107,普通,池袋,532,平日,ふじみ野,発,610
東武東上線,下り,107,普通,池袋,532,平日,上福岡,発,612
東武東上線,下り,107,普通,池袋,532,平日,新河岸,発,615
東武東上線,下り,107,普通,池袋,532,平日,川越,発,618
東武東上線,下り,107,普通,池袋,532,平日,川越市,着,619
東武東上線,下り,107,普通,池袋,532,平日,川越市,発,620
東武東上線,下り,107,普通,池袋,532,平日,霞ヶ関,発,623
東武東上線,下り,107,普通,池袋,532,平日,鶴ヶ島,発,626
東武東上線,下り,107,普通,池袋,532,平日,若葉,発,628
東武東上線,下り,107,普通,池袋,532,平日,坂戸,着,630
東武東上線,下り,107,普通,池袋,532,平日,坂戸,発,631
東武東上線,下り,107,普通,池袋,532,平日,北坂戸,発,634
東武東上線,下り,107,普通,池袋,532,平日,高坂,発,637
東武東上線,下り,107,普通,池袋,532,平日,東松山,発,641
東武東上線,下り,107,普通,池袋,532,平日,森林公園,着,644
東武東上線,下り,107,普通,池袋,532,平日,森林公園,発,645
東武東上線,下り,107,普通,池袋,532,平日,つきのわ,発,648
東武東上線,下り,107,普通,池袋,532,平日,武蔵嵐山,発,650
東武東上線,下り,107,普通,池袋,532,平日,小川町,着,657
東武東上線,下り,701,普通,池袋,537,平日,池袋,発,537
東武東上線,下り,701,普通,池袋,537,平日,北池袋,発,539
東武東上線,下り,701,普通,池袋,537,平日,下板橋,発,540
東武東上線,下り,701,普通,池袋,537,平日,大山,発,542
東武東上線,下り,701,普通,池袋,537,平日,中板橋,発,544
東武東上線,下り,701,普通,池袋,537,平日,ときわ台,発,546
東武東上線,下り,701,普通,池袋,537,平日,上板橋,発,548
東武東上線,下り,701,普通,池袋,537,平日,東武練馬,発,550
東武東上線,下り,701,普通,池袋,537,平日,下赤塚,発,552
東武東上線,下り,701,普通,池袋,537,平日,成増,着,554
東武東上線,下り,3301,準急,池袋,545,平日,池袋,発,545
東武東上線,下り,3301,準急,池袋,545,平日,北池袋,発,レ
東武東上線,下り,3301,準急,池袋,545,平日,下板橋,発,レ
東武東上線,下り,3301,準急,池袋,545,平日,大山,発,レ
東武東上線,下り,3301,準急,池袋,545,平日,中板橋,発,レ
東武東上線,下り,3301,準急,池袋,545,平日,ときわ台,発,レ
東武東上線,下り,3301,準急,池袋,545,平日,上板橋,発,551
東武東上線,下り,3301,準急,池袋,545,平日,東武練馬,発,レ
東武東上線,下り,3301,準急,池袋,545,平日,下赤塚,発,レ
東武東上線,下り,3301,準急,池袋,545,平日,成増,着,556
東武東上線,下り,3301,準急,池袋,545,平日,成増,発,556
東武東上線,下り,3301,準急,池袋,545,平日,和光市,発,559
東武東上線,下り,3301,準急,池袋,545,平日,朝霞,発,601
東武東上線,下り,3301,準急,池袋,545,平日,朝霞台,発,604
東武東上線,下り,3301,準急,池袋,545,平日,志木,着,606
東武東上線,下り,3301,準急,池袋,545,平日,志木,発,607
東武東上線,下り,3301,準急,池袋,545,平日,柳瀬川,発,609
東武東上線,下り,3301,準急,池袋,545,平日,みずほ台,発,611
東武東上線,下り,3301,準急,池袋,545,平日,鶴瀬,発,614
東武東上線,下り,3301,準急,池袋,545,平日,ふじみ野,着,616
東武東上線,下り,3301,準急,池袋,545,平日,ふじみ野,発,616
東武東上線,下り,3301,準急,池袋,545,平日,上福岡,発,619
東武東上線,下り,3301,準急,池袋,545,平日,新河岸,発,622
東武東上線,下り,3301,準急,池袋,545,平日,川越,発,624
東武東上線,下り,3301,準急,池袋,545,平日,川越市,着,626
東武東上線,下り,2163S,普通,新木場,606,平日,和光市,発,606
東武東上線,下り,2163S,普通,新木場,606,平日,朝霞,発,609
東武東上線,下り,2163S,普通,新木場,606,平日,朝霞台,発,612
東武東上線,下り,2163S,普通,新木場,606,平日,志木,着,613
東武東上線,下り,2163S,普通,新木場,606,平日,志木,発,614
東武東上線,下り,2163S,普通,新木場,606,平日,柳瀬川,発,616
東武東上線,下り,2163S,普通,新木場,606,平日,みずほ台,発,618
東武東上線,下り,2163S,普通,新木場,606,平日,鶴瀬,発,621
東武東上線,下り,2163S,普通,新木場,606,平日,ふじみ野,着,623
東武東上線,下り,2163S,普通,新木場,606,平日,ふじみ野,発,623
東武東上線,下り,2163S,普通,新木場,606,平日,上福岡,発,626
東武東上線,下り,2163S,普通,新木場,606,平日,新河岸,発,629
東武東上線,下り,2163S,普通,新木場,606,平日,川越,発,631
東武東上線,下り,2163S,普通,新木場,606,平日,川越市,着,633
東武東上線,下り,703,普通,池袋,550,平日,池袋,発,550
東武東上線,下り,703,普通,池袋,550,平日,北池袋,発,552
東武東上線,下り,703,普通,池袋,550,平日,下板橋,発,553
東武東上線,下り,703,普通,池袋,550,平日,大山,発,555
東武東上線,下り,703,普通,池袋,550,平日,中板橋,発,557
東武東上線,下り,703,普通,池袋,550,平日,ときわ台,発,558
東武東上線,下り,703,普通,池袋,550,平日,上板橋,発,600
東武東上線,下り,703,普通,池袋,550,平日,東武練馬,発,603
東武東上線,下り,703,普通,池袋,550,平日,下赤塚,発,605
東武東上線,下り,703,普通,池袋,550,平日,成増,着,607
東武東上線,下り,1003,急行,池袋,600,平日,池袋,発,600
東武東上線,下り,1003,急行,池袋,600,平日,北池袋,発,レ
東武東上線,下り,1003,急行,池袋,600,平日,下板橋,発,レ
東武東上線,下り,1003,急行,池袋,600,平日,大山,発,レ
東武東上線,下り,1003,急行,池袋,600,平日,中板橋,発,レ
東武東上線,下り,1003,急行,池袋,600,平日,ときわ台,発,レ
東武東上線,下り,1003,急行,池袋,600,平日,上板橋,発,レ
東武東上線,下り,1003,急行,池袋,600,平日,東武練馬,発,レ
東武東上線,下り,1003,急行,池袋,600,平日,下赤塚,発,レ
東武東上線,下り,1003,急行,池袋,600,平日,成増,着,609
東武東上線,下り,1003,急行,池袋,600,平日,成増,発,610
東武東上線,下り,1003,急行,池袋,600,平日,和光市,発,613
東武東上線,下り,1003,急行,池袋,600,平日,朝霞,発,615
東武東上線,下り,1003,急行,池袋,600,平日,朝霞台,発,618
東武東上線,下り,1003,急行,池袋,600,平日,志木,着,620
東武東上線,下り,1003,急行,池袋,600,平日,志木,発,621
東武東上線,下り,1003,急行,池袋,600,平日,柳瀬川,発,レ
東武東上線,下り,1003,急行,池袋,600,平日,みずほ台,発,レ
東武東上線,下り,1003,急行,池袋,600,平日,鶴瀬,発,レ
東武東上線,下り,1003,急行,池袋,600,平日,ふじみ野,着,626
東武東上線,下り,1003,急行,池袋,600,平日,ふじみ野,発,627
東武東上線,下り,1003,急行,池袋,600,平日,上福岡,発,レ
東武東上線,下り,1003,急行,池袋,600,平日,新河岸,発,レ
東武東上線,下り,1003,急行,池袋,600,平日,川越,発,633
東武東上線,下り,1003,急行,池袋,600,平日,川越市,着,635
東武東上線,下り,1003,急行,池袋,600,平日,川越市,発,635
東武東上線,下り,1003,急行,池袋,600,平日,霞ヶ関,発,639
東武東上線,下り,1003,急行,池袋,600,平日,鶴ヶ島,発,642
東武東上線,下り,1003,急行,池袋,600,平日,若葉,発,644
東武東上線,下り,1003,急行,池袋,600,平日,坂戸,着,646
東武東上線,下り,1003,急行,池袋,600,平日,坂戸,発,646
東武東上線,下り,1003,急行,池袋,600,平日,北坂戸,発,649
東武東上線,下り,1003,急行,池袋,600,平日,高坂,発,653
東武東上線,下り,1003,急行,池袋,600,平日,東松山,発,656
東武東上線,下り,1003,急行,池袋,600,平日,森林公園,着,659
東武東上線,下り,1003,急行,池袋,600,平日,森林公園,発,700
東武東上線,下り,1003,急行,池袋,600,平日,つきのわ,発,703
東武東上線,下り,1003,急行,池袋,600,平日,武蔵嵐山,発,705
東武東上線,下り,1003,急行,池袋,600,平日,小川町,着,712
東武東上線,下り,2155S,普通,新木場,614,平日,和光市,発,614
東武東上線,下り,2155S,普通,新木場,614,平日,朝霞,発,616
東武東上線,下り,2155S,普通,新木場,614,平日,朝霞台,発,619
東武東上線,下り,2155S,普通,新木場,614,平日,志木,着,621
東武東上線,下り,2155S,普通,新木場,614,平日,志木,発,623
東武東上線,下り,2155S,普通,新木場,614,平日,柳瀬川,発,625
東武東上線,下り,2155S,普通,新木場,614,平日,みずほ台,発,628
東武東上線,下り,2155S,普通,新木場,614,平日,鶴瀬,発,630
東武東上線,下り,2155S,普通,新木場,614,平日,ふじみ野,着,632
東武東上線,下り,2155S,普通,新木場,614,平日,ふじみ野,発,632
東武東上線,下り,2155S,普通,新木場,614,平日,上福岡,発,635
東武東上線,下り,2155S,普通,新木場,614,平日,新河岸,発,638
東武東上線,下り,2155S,普通,新木場,614,平日,川越,発,640
東武東上線,下り,2155S,普通,新木場,614,平日,川越市,着,642
東武東上線,下り,305,普通,池袋,604,平日,池袋,発,604
東武東上線,下り,305,普通,池袋,604,平日,北池袋,発,606
東武東上線,下り,305,普通,池袋,604,平日,下板橋,発,607
東武東上線,下り,305,普通,池袋,604,平日,大山,発,609
東武東上線,下り,305,普通,池袋,604,平日,中板橋,発,611
東武東上線,下り,305,普通,池袋,604,平日,ときわ台,発,612
東武東上線,下り,305,普通,池袋,604,平日,上板橋,発,614
東武東上線,下り,305,普通,池袋,604,平日,東武練馬,発,616
東武東上線,下り,305,普通,池袋,604,平日,下赤塚,発,619
東武東上線,下り,305,普通,池袋,604,平日,成増,着,620
東武東上線,下り,305,普通,池袋,604,平日,成増,発,622
東武東上線,下り,305,普通,池袋,604,平日,和光市,発,624
東武東上線,下り,305,普通,池袋,604,平日,朝霞,発,627
東武東上線,下り,305,普通,池袋,604,平日,朝霞台,発,630
東武東上線,下り,305,普通,池袋,604,平日,志木,着,632
東武東上線,下り,305,普通,池袋,604,平日,志木,発,637
東武東上線,下り,305,普通,池袋,604,平日,柳瀬川,発,639
東武東上線,下り,305,普通,池袋,604,平日,みずほ台,発,642
東武東上線,下り,305,普通,池袋,604,平日,鶴瀬,発,644
東武東上線,下り,305,普通,池袋,604,平日,ふじみ野,着,646
東武東上線,下り,305,普通,池袋,604,平日,ふじみ野,発,646
東武東上線,下り,305,普通,池袋,604,平日,上福岡,発,649
東武東上線,下り,305,普通,池袋,604,平日,新河岸,発,652
東武東上線,下り,305,普通,池袋,604,平日,川越,発,654
東武東上線,下り,305,普通,池袋,604,平日,川越市,着,656
東武東上線,下り,705,普通,池袋,610,平日,池袋,発,610
東武東上線,下り,705,普通,池袋,610,平日,北池袋,発,612
東武東上線,下り,705,普通,池袋,610,平日,下板橋,発,613
東武東上線,下り,705,普通,池袋,610,平日,大山,発,615
東武東上線,下り,705,普通,池袋,610,平日,中板橋,発,621
東武東上線,下り,705,普通,池袋,610,平日,ときわ台,発,622
東武東上線,下り,705,普通,池袋,610,平日,上板橋,発,624
東武東上線,下り,705,普通,池袋,610,平日,東武練馬,発,626
東武東上線,下り,705,普通,池袋,610,平日,下赤塚,発,629
東武東上線,下り,705,普通,池袋,610,平日,成増,着,630
東武東上線,下り,1005,急行,池袋,615,平日,池袋,発,615
東武東上線,下り,1005,急行,池袋,615,平日,北池袋,発,レ
東武東上線,下り,1005,急行,池袋,615,平日,下板橋,発,レ
東武東上線,下り,1005,急行,池袋,615,平日,大山,発,レ
東武東上線,下り,1005,急行,池袋,615,平日,中板橋,発,レ
東武東上線,下り,1005,急行,池袋,615,平日,ときわ台,発,レ
東武東上線,下り,1005,急行,池袋,615,平日,上板橋,発,レ
東武東上線,下り,1005,急行,池袋,615,平日,東武練馬,発,レ
東武東上線,下り,1005,急行,池袋,615,平日,下赤塚,発,レ
東武東上線,下り,1005,急行,池袋,615,平日,成増,着,624
東武東上線,下り,1005,急行,池袋,615,平日,成増,発,625
東武東上線,下り,1005,急行,池袋,615,平日,和光市,発,628
東武東上線,下り,1005,急行,池袋,615,平日,朝霞,発,630
東武東上線,下り,1005,急行,池袋,615,平日,朝霞台,発,633
東武東上線,下り,1005,急行,池袋,615,平日,志木,着,635
東武東上線,下り,1005,急行,池袋,615,平日,志木,発,636
東武東上線,下り,1005,急行,池袋,615,平日,柳瀬川,発,レ
東武東上線,下り,1005,急行,池袋,615,平日,みずほ台,発,レ
東武東上線,下り,1005,急行,池袋,615,平日,鶴瀬,発,レ
東武東上線,下り,1005,急行,池袋,615,平日,ふじみ野,着,641
東武東上線,下り,1005,急行,池袋,615,平日,ふじみ野,発,642
東武東上線,下り,1005,急行,池袋,615,平日,上福岡,発,レ
東武東上線,下り,1005,急行,池袋,615,平日,新河岸,発,レ
東武東上線,下り,1005,急行,池袋,615,平日,川越,発,647
東武東上線,下り,1005,急行,池袋,615,平日,川越市,着,649
東武東上線,下り,1005,急行,池袋,615,平日,川越市,発,650
東武東上線,下り,1005,急行,池袋,615,平日,霞ヶ関,発,653
東武東上線,下り,1005,急行,池袋,615,平日,鶴ヶ島,発,656
東武東上線,下り,1005,急行,池袋,615,平日,若葉,発,658
東武東上線,下り,1005,急行,池袋,615,平日,坂戸,着,700
東武東上線,下り,1005,急行,池袋,615,平日,坂戸,発,701
東武東上線,下り,1005,急行,池袋,615,平日,北坂戸,発,703
東武東上線,下り,1005,急行,池袋,615,平日,高坂,発,707
東武東上線,下り,1005,急行,池袋,615,平日,東松山,発,711
東武東上線,下り,1005,急行,池袋,615,平日,森林公園,着,713
東武東上線,下り,1005,急行,池袋,615,平日,森林公園,発,714
東武東上線,下り,1005,急行,池袋,615,平日,つきのわ,発,717
東武東上線,下り,1005,急行,池袋,615,平日,武蔵嵐山,発,720
東武東上線,下り,1005,急行,池袋,615,平日,小川町,着,727
東武東上線,下り,3157K,普通,武蔵小杉,631,平日,和光市,発,631
東武東上線,下り,3157K,普通,武蔵小杉,631,平日,朝霞,発,634
東武東上線,下り,3157K,普通,武蔵小杉,631,平日,朝霞台,発,637
東武東上線,下り,3157K,普通,武蔵小杉,631,平日,志木,着,639
東武東上線,下り,501,普通,池袋,618,平日,池袋,発,618
東武東上線,下り,501,普通,池袋,618,平日,北池袋,発,620
東武東上線,下り,501,普通,池袋,618,平日,下板橋,発,621
東武東上線,下り,501,普通,池袋,618,平日,大山,発,623
東武東上線,下り,501,普通,池袋,618,平日,中板橋,発,625
東武東上線,下り,501,普通,池袋,618,平日,ときわ台,発,626
東武東上線,下り,501,普通,池袋,618,平日,上板橋,発,628
東武東上線,下り,501,普通,池袋,618,平日,東武練馬,発,630
東武東上線,下り,501,普通,池袋,618,平日,下赤塚,発,633
東武東上線,下り,501,普通,池袋,618,平日,成増,着,634
東武東上線,下り,501,普通,池袋,618,平日,成増,発,635
東武東上線,下り,501,普通,池袋,618,平日,和光市,発,638
東武東上線,下り,501,普通,池袋,618,平日,朝霞,発,640
東武東上線,下り,501,普通,池袋,618,平日,朝霞台,発,643
東武東上線,下り,501,普通,池袋,618,平日,志木,着,645
東武東上線,下り,707,普通,池袋,624,平日,池袋,発,624
東武東上線,下り,707,普通,池袋,624,平日,北池袋,発,626
東武東上線,下り,707,普通,池袋,624,平日,下板橋,発,627
東武東上線,下り,707,普通,池袋,624,平日,大山,発,629
東武東上線,下り,707,普通,池袋,624,平日,中板橋,発,631
東武東上線,下り,707,普通,池袋,624,平日,ときわ台,発,632
東武東上線,下り,707,普通,池袋,624,平日,上板橋,発,637
東武東上線,下り,707,普通,池袋,624,平日,東武練馬,発,640
東武東上線,下り,707,普通,池袋,624,平日,下赤塚,発,642
東武東上線,下り,707,普通,池袋,624,平日,成増,着,644
東武東上線,下り,1007,急行,池袋,630,平日,池袋,発,630
東武東上線,下り,1007,急行,池袋,630,平日,北池袋,発,
東武東上線,下り,1007,急行,池袋,630,平日,下板橋,発,
東武東上線,下り,1007,急行,池袋,630,平日,大山,発,
東武東上線,下り,1007,急行,池袋,630,平日,中板橋,発,
東武東上線,下り,1007,急行,池袋,630,平日,ときわ台,発,
東武東上線,下り,1007,急行,池袋,630,平日,上板橋,発,
東武東上線,下り,1007,急行,池袋,630,平日,東武練馬,発,
東武東上線,下り,1007,急行,池袋,630,平日,下赤塚,発,
東武東上線,下り,1007,急行,池袋,630,平日,成増,着,639
東武東上線,下り,1007,急行,池袋,630,平日,成増,発,640
東武東上線,下り,1007,急行,池袋,630,平日,和光市,発,643
東武東上線,下り,1007,急行,池袋,630,平日,朝霞,発,645
東武東上線,下り,1007,急行,池袋,630,平日,朝霞台,発,648
東武東上線,下り,1007,急行,池袋,630,平日,志木,着,650
東武東上線,下り,1007,急行,池袋,630,平日,志木,発,651
東武東上線,下り,1007,急行,池袋,630,平日,柳瀬川,発,
東武東上線,下り,1007,急行,池袋,630,平日,みずほ台,発,
東武東上線,下り,1007,急行,池袋,630,平日,鶴瀬,発,
東武東上線,下り,1007,急行,池袋,630,平日,ふじみ野,着,656
東武東上線,下り,1007,急行,池袋,630,平日,ふじみ野,発,657
東武東上線,下り,1007,急行,池袋,630,平日,上福岡,発,
東武東上線,下り,1007,急行,池袋,630,平日,新河岸,発,
東武東上線,下り,1007,急行,池袋,630,平日,川越,発,703
東武東上線,下り,1007,急行,池袋,630,平日,川越市,着,705
東武東上線,下り,1007,急行,池袋,630,平日,川越市,発,705
東武東上線,下り,1007,急行,池袋,630,平日,霞ヶ関,発,709
東武東上線,下り,1007,急行,池袋,630,平日,鶴ヶ島,発,712
東武東上線,下り,1007,急行,池袋,630,平日,若葉,発,714
東武東上線,下り,1007,急行,池袋,630,平日,坂戸,着,716
東武東上線,下り,1007,急行,池袋,630,平日,坂戸,発,716
東武東上線,下り,1007,急行,池袋,630,平日,北坂戸,発,719
東武東上線,下り,1007,急行,池袋,630,平日,高坂,発,723
東武東上線,下り,1007,急行,池袋,630,平日,東松山,発,726
東武東上線,下り,1007,急行,池袋,630,平日,森林公園,着,729
東武東上線,下り,1007,急行,池袋,630,平日,森林公園,発,730
東武東上線,下り,1007,急行,池袋,630,平日,つきのわ,発,733
東武東上線,下り,1007,急行,池袋,630,平日,武蔵嵐山,発,735
東武東上線,下り,1007,急行,池袋,630,平日,小川町,着,742
東武東上線,下り,3159K,普通,武蔵小杉,644,平日,和光市,発,644
東武東上線,下り,3159K,普通,武蔵小杉,644,平日,朝霞,発,646
東武東上線,下り,3159K,普通,武蔵小杉,644,平日,朝霞台,発,649
東武東上線,下り,3159K,普通,武蔵小杉,644,平日,志木,着,651
東武東上線,下り,3159K,普通,武蔵小杉,644,平日,志木,発,652
東武東上線,下り,3159K,普通,武蔵小杉,644,平日,柳瀬川,発,654
東武東上線,下り,3159K,普通,武蔵小杉,644,平日,みずほ台,発,656
東武東上線,下り,3159K,普通,武蔵小杉,644,平日,鶴瀬,発,658
東武東上線,下り,3159K,普通,武蔵小杉,644,平日,ふじみ野,着,701
東武東上線,下り,3159K,普通,武蔵小杉,644,平日,ふじみ野,発,701
東武東上線,下り,3159K,普通,武蔵小杉,644,平日,上福岡,発,704
東武東上線,下り,3159K,普通,武蔵小杉,644,平日,新河岸,発,706
東武東上線,下り,3159K,普通,武蔵小杉,644,平日,川越,発,709
東武東上線,下り,3159K,普通,武蔵小杉,644,平日,川越市,着,711
東武東上線,下り,2121S,普通,新木場,651,平日,和光市,発,651
東武東上線,下り,2121S,普通,新木場,651,平日,朝霞,発,654
東武東上線,下り,2121S,普通,新木場,651,平日,朝霞台,発,657
東武東上線,下り,2121S,普通,新木場,651,平日,志木,着,659
東武東上線,下り,109,普通,池袋,633,平日,池袋,発,633
東武東上線,下り,109,普通,池袋,633,平日,北池袋,発,635
東武東上線,下り,109,普通,池袋,633,平日,下板橋,発,636
東武東上線,下り,109,普通,池袋,633,平日,大山,発,638
東武東上線,下り,109,普通,池袋,633,平日,中板橋,発,640
東武東上線,下り,109,普通,池袋,633,平日,ときわ台,発,641
東武東上線,下り,109,普通,池袋,633,平日,上板橋,発,643
東武東上線,下り,109,普通,池袋,633,平日,東武練馬,発,646
東武東上線,下り,109,普通,池袋,633,平日,下赤塚,発,648
東武東上線,下り,109,普通,池袋,633,平日,成増,着,650
東武東上線,下り,109,普通,池袋,633,平日,成増,発,650
東武東上線,下り,109,普通,池袋,633,平日,和光市,発,653
東武東上線,下り,109,普通,池袋,633,平日,朝霞,発,656
東武東上線,下り,109,普通,池袋,633,平日,朝霞台,発,659
東武東上線,下り,109,普通,池袋,633,平日,志木,着,701
東武東上線,下り,109,普通,池袋,633,平日,志木,発,701
東武東上線,下り,109,普通,池袋,633,平日,柳瀬川,発,704
東武東上線,下り,109,普通,池袋,633,平日,みずほ台,発,706
東武東上線,下り,109,普通,池袋,633,平日,鶴瀬,発,708
東武東上線,下り,109,普通,池袋,633,平日,ふじみ野,着,710
東武東上線,下り,109,普通,池袋,633,平日,ふじみ野,発,714
東武東上線,下り,109,普通,池袋,633,平日,上福岡,発,717
東武東上線,下り,109,普通,池袋,633,平日,新河岸,発,720
東武東上線,下り,109,普通,池袋,633,平日,川越,発,724
東武東上線,下り,109,普通,池袋,633,平日,川越市,着,725
東武東上線,下り,109,普通,池袋,633,平日,川越市,発,727
東武東上線,下り,109,普通,池袋,633,平日,霞ヶ関,発,730
東武東上線,下り,109,普通,池袋,633,平日,鶴ヶ島,発,733
東武東上線,下り,109,普通,池袋,633,平日,若葉,発,736
東武東上線,下り,109,普通,池袋,633,平日,坂戸,着,738
東武東上線,下り,109,普通,池袋,633,平日,坂戸,発,738
東武東上線,下り,109,普通,池袋,633,平日,北坂戸,発,741
東武東上線,下り,109,普通,池袋,633,平日,高坂,発,745
東武東上線,下り,109,普通,池袋,633,平日,東松山,発,749
東武東上線,下り,109,普通,池袋,633,平日,森林公園,着,752
東武東上線,下り,109,普通,池袋,633,平日,森林公園,発,800
東武東上線,下り,109,普通,池袋,633,平日,つきのわ,発,803
東武東上線,下り,109,普通,池袋,633,平日,武蔵嵐山,発,805
東武東上線,下り,109,普通,池袋,633,平日,小川町,着,812
東武東上線,下り,709,普通,池袋,640,平日,池袋,発,640
東武東上線,下り,709,普通,池袋,640,平日,北池袋,発,642
東武東上線,下り,709,普通,池袋,640,平日,下板橋,発,643
東武東上線,下り,709,普通,池袋,640,平日,大山,発,645
東武東上線,下り,709,普通,池袋,640,平日,中板橋,発,650
東武東上線,下り,709,普通,池袋,640,平日,ときわ台,発,652
東武東上線,下り,709,普通,池袋,640,平日,上板橋,発,654
東武東上線,下り,709,普通,池袋,640,平日,東武練馬,発,656
東武東上線,下り,709,普通,池袋,640,平日,下赤塚,発,658
東武東上線,下り,709,普通,池袋,640,平日,成増,着,700
東武東上線,下り,1009,急行,池袋,645,平日,池袋,発,645
東武東上線,下り,1009,急行,池袋,645,平日,北池袋,発,レ
東武東上線,下り,1009,急行,池袋,645,平日,下板橋,発,レ
東武東上線,下り,1009,急行,池袋,645,平日,大山,発,レ
東武東上線,下り,1009,急行,池袋,645,平日,中板橋,発,レ
東武東上線,下り,1009,急行,池袋,645,平日,ときわ台,発,レ
東武東上線,下り,1009,急行,池袋,645,平日,上板橋,発,レ
東武東上線,下り,1009,急行,池袋,645,平日,東武練馬,発,レ
東武東上線,下り,1009,急行,池袋,645,平日,下赤塚,発,レ
東武東上線,下り,1009,急行,池袋,645,平日,成増,着,654
東武東上線,下り,1009,急行,池袋,645,平日,成増,発,655
東武東上線,下り,1009,急行,池袋,645,平日,和光市,発,658
東武東上線,下り,1009,急行,池袋,645,平日,朝霞,発,700
東武東上線,下り,1009,急行,池袋,645,平日,朝霞台,発,704
東武東上線,下り,1009,急行,池袋,645,平日,志木,着,706
東武東上線,下り,1009,急行,池袋,645,平日,志木,発,706
東武東上線,下り,1009,急行,池袋,645,平日,柳瀬川,発,レ
東武東上線,下り,1009,急行,池袋,645,平日,みずほ台,発,レ
東武東上線,下り,1009,急行,池袋,645,平日,鶴瀬,発,レ
東武東上線,下り,1009,急行,池袋,645,平日,ふじみ野,着,712
東武東上線,下り,1009,急行,池袋,645,平日,ふじみ野,発,712
東武東上線,下り,1009,急行,池袋,645,平日,上福岡,発,レ
東武東上線,下り,1009,急行,池袋,645,平日,新河岸,発,レ
東武東上線,下り,1009,急行,池袋,645,平日,川越,発,718
東武東上線,下り,1009,急行,池袋,645,平日,川越市,着,719
東武東上線,下り,1009,急行,池袋,645,平日,川越市,発,720
東武東上線,下り,1009,急行,池袋,645,平日,霞ヶ関,発,724
東武東上線,下り,1009,急行,池袋,645,平日,鶴ヶ島,発,727
東武東上線,下り,1009,急行,池袋,645,平日,若葉,発,729
東武東上線,下り,1009,急行,池袋,645,平日,坂戸,着,731
東武東上線,下り,1009,急行,池袋,645,平日,坂戸,発,732
東武東上線,下り,1009,急行,池袋,645,平日,北坂戸,発,734
東武東上線,下り,1009,急行,池袋,645,平日,高坂,発,738
東武東上線,下り,1009,急行,池袋,645,平日,東松山,発,742
東武東上線,下り,1009,急行,池袋,645,平日,森林公園,着,744
東武東上線,下り,1009,急行,池袋,645,平日,森林公園,発,745
東武東上線,下り,1009,急行,池袋,645,平日,つきのわ,発,748
東武東上線,下り,1009,急行,池袋,645,平日,武蔵嵐山,発,750
東武東上線,下り,1009,急行,池袋,645,平日,小川町,着,757
東武東上線,下り,3155K,普通,西谷,700,平日,和光市,発,700
東武東上線,下り,3155K,普通,西谷,700,平日,朝霞,発,703
東武東上線,下り,3155K,普通,西谷,700,平日,朝霞台,発,706
東武東上線,下り,3155K,普通,西谷,700,平日,志木,着,708
東武東上線,下り,3155K,普通,西谷,700,平日,志木,発,710
東武東上線,下り,3155K,普通,西谷,700,平日,柳瀬川,発,712
東武東上線,下り,3155K,普通,西谷,700,平日,みずほ台,発,714
東武東上線,下り,3155K,普通,西谷,700,平日,鶴瀬,発,716
東武東上線,下り,3155K,普通,西谷,700,平日,ふじみ野,着,718
東武東上線,下り,3155K,普通,西谷,700,平日,ふじみ野,発,719
東武東上線,下り,3155K,普通,西谷,700,平日,上福岡,発,721
東武東上線,下り,3155K,普通,西谷,700,平日,新河岸,発,724
東武東上線,下り,3155K,普通,西谷,700,平日,川越,発,727
東武東上線,下り,3155K,普通,西谷,700,平日,川越市,着,728
東武東上線,下り,711,普通,池袋,646,平日,池袋,発,646
東武東上線,下り,711,普通,池袋,646,平日,北池袋,発,648
東武東上線,下り,711,普通,池袋,646,平日,下板橋,発,649
東武東上線,下り,711,普通,池袋,646,平日,大山,発,651
東武東上線,下り,711,普通,池袋,646,平日,中板橋,発,653
東武東上線,下り,711,普通,池袋,646,平日,ときわ台,発,654
東武東上線,下り,711,普通,池袋,646,平日,上板橋,発,700
東武東上線,下り,711,普通,池袋,646,平日,東武練馬,発,703
東武東上線,下り,711,普通,池袋,646,平日,下赤塚,発,705
東武東上線,下り,711,普通,池袋,646,平日,成増,着,707
東武東上線,下り,3201,準急,池袋,651,平日,池袋,発,651
東武東上線,下り,3201,準急,池袋,651,平日,北池袋,発,
東武東上線,下り,3201,準急,池袋,651,平日,下板橋,発,
東武東上線,下り,3201,準急,池袋,651,平日,大山,発,
東武東上線,下り,3201,準急,池袋,651,平日,中板橋,発,
東武東上線,下り,3201,準急,池袋,651,平日,ときわ台,発,
東武東上線,下り,3201,準急,池袋,651,平日,上板橋,発,658
東武東上線,下り,3201,準急,池袋,651,平日,東武練馬,発,
東武東上線,下り,3201,準急,池袋,651,平日,下赤塚,発,
東武東上線,下り,3201,準急,池袋,651,平日,成増,着,703
東武東上線,下り,3201,準急,池袋,651,平日,成増,発,704
東武東上線,下り,3201,準急,池袋,651,平日,和光市,発,707
東武東上線,下り,3201,準急,池袋,651,平日,朝霞,発,710
東武東上線,下り,3201,準急,池袋,651,平日,朝霞台,発,713
東武東上線,下り,3201,準急,池袋,651,平日,志木,着,715
東武東上線,下り,3201,準急,池袋,651,平日,志木,発,721
東武東上線,下り,3201,準急,池袋,651,平日,柳瀬川,発,723
東武東上線,下り,3201,準急,池袋,651,平日,みずほ台,発,725
東武東上線,下り,3201,準急,池袋,651,平日,鶴瀬,発,727
東武東上線,下り,3201,準急,池袋,651,平日,ふじみ野,着,729
東武東上線,下り,3201,準急,池袋,651,平日,ふじみ野,発,730
東武東上線,下り,3201,準急,池袋,651,平日,上福岡,発,733
東武東上線,下り,3201,準急,池袋,651,平日,新河岸,発,735
東武東上線,下り,3201,準急,池袋,651,平日,川越,発,738
東武東上線,下り,3201,準急,池袋,651,平日,川越市,着,740
東武東上線,下り,3201,準急,池袋,651,平日,川越市,発,741
東武東上線,下り,3201,準急,池袋,651,平日,霞ヶ関,発,745
東武東上線,下り,3201,準急,池袋,651,平日,鶴ヶ島,発,747
東武東上線,下り,3201,準急,池袋,651,平日,若葉,発,750
東武東上線,下り,3201,準急,池袋,651,平日,坂戸,着,752
東武東上線,下り,3201,準急,池袋,651,平日,坂戸,発,753
東武東上線,下り,3201,準急,池袋,651,平日,北坂戸,発,756
東武東上線,下り,3201,準急,池袋,651,平日,高坂,発,800
東武東上線,下り,3201,準急,池袋,651,平日,東松山,発,803
東武東上線,下り,3201,準急,池袋,651,平日,森林公園,着,806
東武東上線,下り,3110K,普通,菊名,714,平日,和光市,発,714
東武東上線,下り,3110K,普通,菊名,714,平日,朝霞,発,717
東武東上線,下り,3110K,普通,菊名,714,平日,朝霞台,発,720
東武東上線,下り,3110K,普通,菊名,714,平日,志木,着,722
東武東上線,下り,307,普通,池袋,653,平日,池袋,発,653
東武東上線,下り,307,普通,池袋,653,平日,北池袋,発,655
東武東上線,下り,307,普通,池袋,653,平日,下板橋,発,656
東武東上線,下り,307,普通,池袋,653,平日,大山,発,658
東武東上線,下り,307,普通,池袋,653,平日,中板橋,発,700
東武東上線,下り,307,普通,池袋,653,平日,ときわ台,発,702
東武東上線,下り,307,普通,池袋,653,平日,上板橋,発,707
東武東上線,下り,307,普通,池袋,653,平日,東武練馬,発,709
東武東上線,下り,307,普通,池袋,653,平日,下赤塚,発,711
東武東上線,下り,307,普通,池袋,653,平日,成増,着,713
東武東上線,下り,307,普通,池袋,653,平日,成増,発,714
東武東上線,下り,307,普通,池袋,653,平日,和光市,発,717
東武東上線,下り,307,普通,池袋,653,平日,朝霞,発,719
東武東上線,下り,307,普通,池袋,653,平日,朝霞台,発,722
東武東上線,下り,307,普通,池袋,653,平日,志木,着,724
東武東上線,下り,307,普通,池袋,653,平日,志木,発,725
東武東上線,下り,307,普通,池袋,653,平日,柳瀬川,発,727
東武東上線,下り,307,普通,池袋,653,平日,みずほ台,発,729
東武東上線,下り,307,普通,池袋,653,平日,鶴瀬,発,732
東武東上線,下り,307,普通,池袋,653,平日,ふじみ野,着,734
東武東上線,下り,307,普通,池袋,653,平日,ふじみ野,発,734
東武東上線,下り,307,普通,池袋,653,平日,上福岡,発,737
東武東上線,下り,307,普通,池袋,653,平日,新河岸,発,740
東武東上線,下り,307,普通,池袋,653,平日,川越,発,742
東武東上線,下り,307,普通,池袋,653,平日,川越市,着,744
東武東上線,下り,51,快速急行,池袋,700,平日,池袋,発,700
東武東上線,下り,51,快速急行,池袋,700,平日,北池袋,発,レ
東武東上線,下り,51,快速急行,池袋,700,平日,下板橋,発,レ
東武東上線,下り,51,快速急行,池袋,700,平日,大山,発,レ
東武東上線,下り,51,快速急行,池袋,700,平日,中板橋,発,レ
東武東上線,下り,51,快速急行,池袋,700,平日,ときわ台,発,レ
東武東上線,下り,51,快速急行,池袋,700,平日,上板橋,発,レ
東武東上線,下り,51,快速急行,池袋,700,平日,東武練馬,発,レ
東武東上線,下り,51,快速急行,池袋,700,平日,下赤塚,発,レ
東武東上線,下り,51,快速急行,池袋,700,平日,成増,着,レ
東武東上線,下り,51,快速急行,池袋,700,平日,成増,発,レ
東武東上線,下り,51,快速急行,池袋,700,平日,和光市,発,713
東武東上線,下り,51,快速急行,池袋,700,平日,朝霞,発,レ
東武東上線,下り,51,快速急行,池袋,700,平日,朝霞台,発,718
東武東上線,下り,51,快速急行,池袋,700,平日,志木,着,レ
東武東上線,下り,51,快速急行,池袋,700,平日,志木,発,レ
東武東上線,下り,51,快速急行,池袋,700,平日,柳瀬川,発,レ
東武東上線,下り,51,快速急行,池袋,700,平日,みずほ台,発,レ
東武東上線,下り,51,快速急行,池袋,700,平日,鶴瀬,発,レ
東武東上線,下り,51,快速急行,池袋,700,平日,ふじみ野,着,レ
東武東上線,下り,51,快速急行,池袋,700,平日,ふじみ野,発,レ
東武東上線,下り,51,快速急行,池袋,700,平日,上福岡,発,レ
東武東上線,下り,51,快速急行,池袋,700,平日,新河岸,発,レ
東武東上線,下り,51,快速急行,池袋,700,平日,川越,発,730
東武東上線,下り,51,快速急行,池袋,700,平日,川越市,着,731
東武東上線,下り,51,快速急行,池袋,700,平日,川越市,発,733
東武東上線,下り,51,快速急行,池袋,700,平日,霞ヶ関,発,736
東武東上線,下り,51,快速急行,池袋,700,平日,鶴ヶ島,発,739
東武東上線,下り,51,快速急行,池袋,700,平日,若葉,発,742
東武東上線,下り,51,快速急行,池袋,700,平日,坂戸,着,744
東武東上線,下り,51,快速急行,池袋,700,平日,坂戸,発,745
東武東上線,下り,51,快速急行,池袋,700,平日,北坂戸,発,748
東武東上線,下り,51,快速急行,池袋,700,平日,高坂,発,751
東武東上線,下り,51,快速急行,池袋,700,平日,東松山,発,755
東武東上線,下り,51,快速急行,池袋,700,平日,森林公園,着,758
東武東上線,下り,503,普通,池袋,701,平日,池袋,発,701
東武東上線,下り,503,普通,池袋,701,平日,北池袋,発,703
東武東上線,下り,503,普通,池袋,701,平日,下板橋,発,704
東武東上線,下り,503,普通,池袋,701,平日,大山,発,706
東武東上線,下り,503,普通,池袋,701,平日,中板橋,発,708
東武東上線,下り,503,普通,池袋,701,平日,ときわ台,発,709
東武東上線,下り,503,普通,池袋,701,平日,上板橋,発,715
東武東上線,下り,503,普通,池袋,701,平日,東武練馬,発,717
東武東上線,下り,503,普通,池袋,701,平日,下赤塚,発,719
東武東上線,下り,503,普通,池袋,701,平日,成増,着,721
東武東上線,下り,503,普通,池袋,701,平日,成増,発,722
東武東上線,下り,503,普通,池袋,701,平日,和光市,発,724
東武東上線,下り,503,普通,池袋,701,平日,朝霞,発,727
東武東上線,下り,503,普通,池袋,701,平日,朝霞台,発,730
東武東上線,下り,503,普通,池袋,701,平日,志木,着,732
東武東上線,下り,713,普通,池袋,703,平日,池袋,発,703
東武東上線,下り,713,普通,池袋,703,平日,北池袋,発,705
東武東上線,下り,713,普通,池袋,703,平日,下板橋,発,706
東武東上線,下り,713,普通,池袋,703,平日,大山,発,708
東武東上線,下り,713,普通,池袋,703,平日,中板橋,発,713
東武東上線,下り,713,普通,池袋,703,平日,ときわ台,発,714
東武東上線,下り,713,普通,池袋,703,平日,上板橋,発,717
東武東上線,下り,713,普通,池袋,703,平日,東武練馬,発,719
東武東上線,下り,713,普通,池袋,703,平日,下赤塚,発,721
東武東上線,下り,713,普通,池袋,703,平日,成増,着,723
東武東上線,下り,3303,準急,池袋,706,平日,池袋,発,706
東武東上線,下り,3303,準急,池袋,706,平日,北池袋,発,レ
東武東上線,下り,3303,準急,池袋,706,平日,下板橋,発,レ
東武東上線,下り,3303,準急,池袋,706,平日,大山,発,レ
東武東上線,下り,3303,準急,池袋,706,平日,中板橋,発,レ
東武東上線,下り,3303,準急,池袋,706,平日,ときわ台,発,レ
東武東上線,下り,3303,準急,池袋,706,平日,上板橋,発,713
東武東上線,下り,3303,準急,池袋,706,平日,東武練馬,発,レ
東武東上線,下り,3303,準急,池袋,706,平日,下赤塚,発,レ
東武東上線,下り,3303,準急,池袋,706,平日,成増,着,717
東武東上線,下り,3303,準急,池袋,706,平日,成増,発,718
東武東上線,下り,3303,準急,池袋,706,平日,和光市,発,721
東武東上線,下り,3303,準急,池袋,706,平日,朝霞,発,724
東武東上線,下り,3303,準急,池袋,706,平日,朝霞台,発,727
東武東上線,下り,3303,準急,池袋,706,平日,志木,着,729
東武東上線,下り,3303,準急,池袋,706,平日,志木,発,730
東武東上線,下り,3303,準急,池袋,706,平日,柳瀬川,発,732
東武東上線,下り,3303,準急,池袋,706,平日,みずほ台,発,734
東武東上線,下り,3303,準急,池袋,706,平日,鶴瀬,発,736
東武東上線,下り,3303,準急,池袋,706,平日,ふじみ野,着,738
東武東上線,下り,3303,準急,池袋,706,平日,ふじみ野,発,739
東武東上線,下り,3303,準急,池袋,706,平日,上福岡,発,741
東武東上線,下り,3303,準急,池袋,706,平日,新河岸,発,744
東武東上線,下り,3303,準急,池袋,706,平日,川越,発,747
東武東上線,下り,3303,準急,池袋,706,平日,川越市,着,748
東武東上線,下り,111,普通,池袋,708,平日,池袋,発,708
東武東上線,下り,111,普通,池袋,708,平日,北池袋,発,710
東武東上線,下り,111,普通,池袋,708,平日,下板橋,発,711
東武東上線,下り,111,普通,池袋,708,平日,大山,発,713
東武東上線,下り,111,普通,池袋,708,平日,中板橋,発,715
東武東上線,下り,111,普通,池袋,708,平日,ときわ台,発,717
東武東上線,下り,111,普通,池袋,708,平日,上板橋,発,722
東武東上線,下り,111,普通,池袋,708,平日,東武練馬,発,724
東武東上線,下り,111,普通,池袋,708,平日,下赤塚,発,726
東武東上線,下り,111,普通,池袋,708,平日,成増,着,728
東武東上線,下り,111,普通,池袋,708,平日,成増,発,729
東武東上線,下り,111,普通,池袋,708,平日,和光市,発,731
東武東上線,下り,111,普通,池袋,708,平日,朝霞,発,734
東武東上線,下り,111,普通,池袋,708,平日,朝霞台,発,737
東武東上線,下り,111,普通,池袋,708,平日,志木,着,739
東武東上線,下り,111,普通,池袋,708,平日,志木,発,740
東武東上線,下り,111,普通,池袋,708,平日,柳瀬川,発,742
東武東上線,下り,111,普通,池袋,708,平日,みずほ台,発,744
東武東上線,下り,111,普通,池袋,708,平日,鶴瀬,発,746
東武東上線,下り,111,普通,池袋,708,平日,ふじみ野,着,748
東武東上線,下り,111,普通,池袋,708,平日,ふじみ野,発,749
東武東上線,下り,111,普通,池袋,708,平日,上福岡,発,751
東武東上線,下り,111,普通,池袋,708,平日,新河岸,発,754
東武東上線,下り,111,普通,池袋,708,平日,川越,発,757
東武東上線,下り,111,普通,池袋,708,平日,川越市,着,759
東武東上線,下り,111,普通,池袋,708,平日,川越市,発,800
東武東上線,下り,111,普通,池袋,708,平日,霞ヶ関,発,803
東武東上線,下り,111,普通,池袋,708,平日,鶴ヶ島,発,806
東武東上線,下り,111,普通,池袋,708,平日,若葉,発,809
東武東上線,下り,111,普通,池袋,708,平日,坂戸,着,811
東武東上線,下り,111,普通,池袋,708,平日,坂戸,発,812
東武東上線,下り,111,普通,池袋,708,平日,北坂戸,発,815
東武東上線,下り,111,普通,池袋,708,平日,高坂,発,818
東武東上線,下り,111,普通,池袋,708,平日,東松山,発,822
東武東上線,下り,111,普通,池袋,708,平日,森林公園,着,825
東武東上線,下り,111,普通,池袋,708,平日,森林公園,発,831
東武東上線,下り,111,普通,池袋,708,平日,つきのわ,発,834
東武東上線,下り,111,普通,池袋,708,平日,武蔵嵐山,発,837
東武東上線,下り,111,普通,池袋,708,平日,小川町,着,844
東武東上線,下り,503,普通,池袋,711,平日,池袋,発,711
東武東上線,下り,503,普通,池袋,711,平日,北池袋,発,713
東武東上線,下り,503,普通,池袋,711,平日,下板橋,発,714
東武東上線,下り,503,普通,池袋,711,平日,大山,発,716
東武東上線,下り,503,普通,池袋,711,平日,中板橋,発,721
東武東上線,下り,503,普通,池袋,711,平日,ときわ台,発,723
東武東上線,下り,503,普通,池袋,711,平日,上板橋,発,725
東武東上線,下り,503,普通,池袋,711,平日,東武練馬,発,727
東武東上線,下り,503,普通,池袋,711,平日,下赤塚,発,729
東武東上線,下り,503,普通,池袋,711,平日,成増,着,731
東武東上線,下り,503,普通,池袋,711,平日,成増,発,731
東武東上線,下り,503,普通,池袋,711,平日,和光市,発,734
東武東上線,下り,503,普通,池袋,711,平日,朝霞,発,737
東武東上線,下り,503,普通,池袋,711,平日,朝霞台,発,740
東武東上線,下り,503,普通,池袋,711,平日,志木,着,742
東武東上線,下り,1011,急行,池袋,715,平日,池袋,発,715
東武東上線,下り,1011,急行,池袋,715,平日,北池袋,発,レ
東武東上線,下り,1011,急行,池袋,715,平日,下板橋,発,レ
東武東上線,下り,1011,急行,池袋,715,平日,大山,発,レ
東武東上線,下り,1011,急行,池袋,715,平日,中板橋,発,レ
東武東上線,下り,1011,急行,池袋,715,平日,ときわ台,発,レ
東武東上線,下り,1011,急行,池袋,715,平日,上板橋,発,レ
東武東上線,下り,1011,急行,池袋,715,平日,東武練馬,発,レ
東武東上線,下り,1011,急行,池袋,715,平日,下赤塚,発,レ
東武東上線,下り,1011,急行,池袋,715,平日,成増,着,725
東武東上線,下り,1011,急行,池袋,715,平日,成増,発,725
東武東上線,下り,1011,急行,池袋,715,平日,和光市,発,728
東武東上線,下り,1011,急行,池袋,715,平日,朝霞,発,731
東武東上線,下り,1011,急行,池袋,715,平日,朝霞台,発,734
東武東上線,下り,1011,急行,池袋,715,平日,志木,着,736
東武東上線,下り,1011,急行,池袋,715,平日,志木,発,737
東武東上線,下り,1011,急行,池袋,715,平日,柳瀬川,発,レ
東武東上線,下り,1011,急行,池袋,715,平日,みずほ台,発,レ
東武東上線,下り,1011,急行,池袋,715,平日,鶴瀬,発,レ
東武東上線,下り,1011,急行,池袋,715,平日,ふじみ野,着,742
東武東上線,下り,1011,急行,池袋,715,平日,ふじみ野,発,743
東武東上線,下り,1011,急行,池袋,715,平日,上福岡,発,レ
東武東上線,下り,1011,急行,池袋,715,平日,新河岸,発,レ
東武東上線,下り,1011,急行,池袋,715,平日,川越,発,750
東武東上線,下り,1011,急行,池袋,715,平日,川越市,着,751
東武東上線,下り,1011,急行,池袋,715,平日,川越市,発,752
東武東上線,下り,1011,急行,池袋,715,平日,霞ヶ関,発,756
東武東上線,下り,1011,急行,池袋,715,平日,鶴ヶ島,発,759
東武東上線,下り,1011,急行,池袋,715,平日,若葉,発,801
東武東上線,下り,1011,急行,池袋,715,平日,坂戸,着,803
東武東上線,下り,1011,急行,池袋,715,平日,坂戸,発,804
東武東上線,下り,1011,急行,池袋,715,平日,北坂戸,発,807
東武東上線,下り,1011,急行,池袋,715,平日,高坂,発,810
東武東上線,下り,1011,急行,池袋,715,平日,東松山,発,814
東武東上線,下り,1011,急行,池袋,715,平日,森林公園,着,817
東武東上線,下り,1011,急行,池袋,715,平日,森林公園,発,817
東武東上線,下り,1011,急行,池袋,715,平日,つきのわ,発,820
東武東上線,下り,1011,急行,池袋,715,平日,武蔵嵐山,発,823
東武東上線,下り,1011,急行,池袋,715,平日,小川町,着,830
東武東上線,下り,715,普通,池袋,716,平日,池袋,発,716
東武東上線,下り,715,普通,池袋,716,平日,北池袋,発,718
東武東上線,下り,715,普通,池袋,716,平日,下板橋,発,719
東武東上線,下り,715,普通,池袋,716,平日,大山,発,721
東武東上線,下り,715,普通,池袋,716,平日,中板橋,発,723
東武東上線,下り,715,普通,池袋,716,平日,ときわ台,発,725
東武東上線,下り,715,普通,池袋,716,平日,上板橋,発,730
東武東上線,下り,715,普通,池袋,716,平日,東武練馬,発,732
東武東上線,下り,715,普通,池袋,716,平日,下赤塚,発,735
東武東上線,下り,715,普通,池袋,716,平日,成増,着,736
東武東上線,下り,3305,準急,池袋,720,平日,池袋,発,720
東武東上線,下り,3305,準急,池袋,720,平日,北池袋,発,レ
東武東上線,下り,3305,準急,池袋,720,平日,下板橋,発,レ
東武東上線,下り,3305,準急,池袋,720,平日,大山,発,レ
東武東上線,下り,3305,準急,池袋,720,平日,中板橋,発,レ
東武東上線,下り,3305,準急,池袋,720,平日,ときわ台,発,レ
東武東上線,下り,3305,準急,池袋,720,平日,上板橋,発,728
東武東上線,下り,3305,準急,池袋,720,平日,東武練馬,発,レ
東武東上線,下り,3305,準急,池袋,720,平日,下赤塚,発,レ
東武東上線,下り,3305,準急,池袋,720,平日,成増,着,733
東武東上線,下り,3305,準急,池袋,720,平日,成増,発,733
東武東上線,下り,3305,準急,池袋,720,平日,和光市,発,736
東武東上線,下り,3305,準急,池袋,720,平日,朝霞,発,739
東武東上線,下り,3305,準急,池袋,720,平日,朝霞台,発,742
東武東上線,下り,3305,準急,池袋,720,平日,志木,着,744
東武東上線,下り,3305,準急,池袋,720,平日,志木,発,744
東武東上線,下り,3305,準急,池袋,720,平日,柳瀬川,発,747
東武東上線,下り,3305,準急,池袋,720,平日,みずほ台,発,749
東武東上線,下り,3305,準急,池袋,720,平日,鶴瀬,発,751
東武東上線,下り,3305,準急,池袋,720,平日,ふじみ野,着,753
東武東上線,下り,3305,準急,池袋,720,平日,ふじみ野,発,756
東武東上線,下り,3305,準急,池袋,720,平日,上福岡,発,759
東武東上線,下り,3305,準急,池袋,720,平日,新河岸,発,802
東武東上線,下り,3305,準急,池袋,720,平日,川越,発,804
東武東上線,下り,3305,準急,池袋,720,平日,川越市,着,806
東武東上線,下り,3114K,普通,武蔵小杉,632,平日,和光市,発,743
東武東上線,下り,3114K,普通,武蔵小杉,632,平日,朝霞,発,746
東武東上線,下り,3114K,普通,武蔵小杉,632,平日,朝霞台,発,749
東武東上線,下り,3114K,普通,武蔵小杉,632,平日,志木,着,751
東武東上線,下り,717,普通,池袋,724,平日,池袋,発,724
東武東上線,下り,717,普通,池袋,724,平日,北池袋,発,726
東武東上線,下り,717,普通,池袋,724,平日,下板橋,発,727
東武東上線,下り,717,普通,池袋,724,平日,大山,発,729
東武東上線,下り,717,普通,池袋,724,平日,中板橋,発,731
東武東上線,下り,717,普通,池袋,724,平日,ときわ台,発,732
東武東上線,下り,717,普通,池袋,724,平日,上板橋,発,740
東武東上線,下り,717,普通,池袋,724,平日,東武練馬,発,742
東武東上線,下り,717,普通,池袋,724,平日,下赤塚,発,744
東武東上線,下り,717,普通,池袋,724,平日,成増,着,746
東武東上線,下り,53,快速急行,池袋,730,平日,池袋,発,730
東武東上線,下り,53,快速急行,池袋,730,平日,北池袋,発,レ
東武東上線,下り,53,快速急行,池袋,730,平日,下板橋,発,レ
東武東上線,下り,53,快速急行,池袋,730,平日,大山,発,レ
東武東上線,下り,53,快速急行,池袋,730,平日,中板橋,発,レ
東武東上線,下り,53,快速急行,池袋,730,平日,ときわ台,発,レ
東武東上線,下り,53,快速急行,池袋,730,平日,上板橋,発,レ
東武東上線,下り,53,快速急行,池袋,730,平日,東武練馬,発,レ
東武東上線,下り,53,快速急行,池袋,730,平日,下赤塚,発,レ
東武東上線,下り,53,快速急行,池袋,730,平日,成増,着,レ
東武東上線,下り,53,快速急行,池袋,730,平日,成増,発,レ
東武東上線,下り,53,快速急行,池袋,730,平日,和光市,発,743
東武東上線,下り,53,快速急行,池袋,730,平日,朝霞,発,レ
東武東上線,下り,53,快速急行,池袋,730,平日,朝霞台,発,748
東武東上線,下り,53,快速急行,池袋,730,平日,志木,着,レ
東武東上線,下り,53,快速急行,池袋,730,平日,志木,発,レ
東武東上線,下り,53,快速急行,池袋,730,平日,柳瀬川,発,レ
東武東上線,下り,53,快速急行,池袋,730,平日,みずほ台,発,レ
東武東上線,下り,53,快速急行,池袋,730,平日,鶴瀬,発,レ
東武東上線,下り,53,快速急行,池袋,730,平日,ふじみ野,着,レ
東武東上線,下り,53,快速急行,池袋,730,平日,ふじみ野,発,レ
東武東上線,下り,53,快速急行,池袋,730,平日,上福岡,発,レ
東武東上線,下り,53,快速急行,池袋,730,平日,新河岸,発,レ
東武東上線,下り,53,快速急行,池袋,730,平日,川越,発,801
東武東上線,下り,53,快速急行,池袋,730,平日,川越市,着,803
東武東上線,下り,53,快速急行,池袋,730,平日,川越市,発,804
東武東上線,下り,53,快速急行,池袋,730,平日,霞ヶ関,発,808
東武東上線,下り,53,快速急行,池袋,730,平日,鶴ヶ島,発,810
東武東上線,下り,53,快速急行,池袋,730,平日,若葉,発,813
東武東上線,下り,53,快速急行,池袋,730,平日,坂戸,着,815
東武東上線,下り,53,快速急行,池袋,730,平日,坂戸,発,816
東武東上線,下り,53,快速急行,池袋,730,平日,北坂戸,発,819
東武東上線,下り,53,快速急行,池袋,730,平日,高坂,発,823
東武東上線,下り,53,快速急行,池袋,730,平日,東松山,発,827
東武東上線,下り,53,快速急行,池袋,730,平日,森林公園,着,829
東武東上線,下り,3203,準急,池袋,732,平日,池袋,発,732
東武東上線,下り,3203,準急,池袋,732,平日,北池袋,発,
東武東上線,下り,3203,準急,池袋,732,平日,下板橋,発,
東武東上線,下り,3203,準急,池袋,732,平日,大山,発,
東武東上線,下り,3203,準急,池袋,732,平日,中板橋,発,
東武東上線,下り,3203,準急,池袋,732,平日,ときわ台,発,
東武東上線,下り,3203,準急,池袋,732,平日,上板橋,発,738
東武東上線,下り,3203,準急,池袋,732,平日,東武練馬,発,
東武東上線,下り,3203,準急,池袋,732,平日,下赤塚,発,
東武東上線,下り,3203,準急,池袋,732,平日,成増,着,742
東武東上線,下り,3203,準急,池袋,732,平日,成増,発,743
東武東上線,下り,3203,準急,池袋,732,平日,和光市,発,746
東武東上線,下り,3203,準急,池袋,732,平日,朝霞,発,748
東武東上線,下り,3203,準急,池袋,732,平日,朝霞台,発,751
東武東上線,下り,3203,準急,池袋,732,平日,志木,着,753
東武東上線,下り,3203,準急,池袋,732,平日,志木,発,754
東武東上線,下り,3203,準急,池袋,732,平日,柳瀬川,発,756
東武東上線,下り,3203,準急,池袋,732,平日,みずほ台,発,758
東武東上線,下り,3203,準急,池袋,732,平日,鶴瀬,発,800
東武東上線,下り,3203,準急,池袋,732,平日,ふじみ野,着,802
東武東上線,下り,3203,準急,池袋,732,平日,ふじみ野,発,803
東武東上線,下り,3203,準急,池袋,732,平日,上福岡,発,805
東武東上線,下り,3203,準急,池袋,732,平日,新河岸,発,808
東武東上線,下り,3203,準急,池袋,732,平日,川越,発,811
東武東上線,下り,3203,準急,池袋,732,平日,川越市,着,812
東武東上線,下り,3203,準急,池袋,732,平日,川越市,発,813
東武東上線,下り,3203,準急,池袋,732,平日,霞ヶ関,発,817
東武東上線,下り,3203,準急,池袋,732,平日,鶴ヶ島,発,820
東武東上線,下り,3203,準急,池袋,732,平日,若葉,発,822
東武東上線,下り,3203,準急,池袋,732,平日,坂戸,着,824
東武東上線,下り,3203,準急,池袋,732,平日,坂戸,発,825
東武東上線,下り,3203,準急,池袋,732,平日,北坂戸,発,827
東武東上線,下り,3203,準急,池袋,732,平日,高坂,発,831
東武東上線,下り,3203,準急,池袋,732,平日,東松山,発,835
東武東上線,下り,3203,準急,池袋,732,平日,森林公園,着,837
東武東上線,下り,719,普通,池袋,733,平日,池袋,発,733
東武東上線,下り,719,普通,池袋,733,平日,北池袋,発,735
東武東上線,下り,719,普通,池袋,733,平日,下板橋,発,736
東武東上線,下り,719,普通,池袋,733,平日,大山,発,738
東武東上線,下り,719,普通,池袋,733,平日,中板橋,発,740
東武東上線,下り,719,普通,池袋,733,平日,ときわ台,発,741
東武東上線,下り,719,普通,池袋,733,平日,上板橋,発,747
東武東上線,下り,719,普通,池袋,733,平日,東武練馬,発,749
東武東上線,下り,719,普通,池袋,733,平日,下赤塚,発,751
東武東上線,下り,719,普通,池袋,733,平日,成増,着,753
東武東上線,下り,2149S,普通,新木場,749,平日,和光市,発,749
東武東上線,下り,2149S,普通,新木場,749,平日,朝霞,発,751
東武東上線,下り,2149S,普通,新木場,749,平日,朝霞台,発,755
東武東上線,下り,2149S,普通,新木場,749,平日,志木,着,757
東武東上線,下り,2149S,普通,新木場,749,平日,志木,発,757
東武東上線,下り,2149S,普通,新木場,749,平日,柳瀬川,発,800
東武東上線,下り,2149S,普通,新木場,749,平日,みずほ台,発,802
東武東上線,下り,2149S,普通,新木場,749,平日,鶴瀬,発,804
東武東上線,下り,2149S,普通,新木場,749,平日,ふじみ野,着,806
東武東上線,下り,2149S,普通,新木場,749,平日,ふじみ野,発,807
東武東上線,下り,2149S,普通,新木場,749,平日,上福岡,発,809
東武東上線,下り,2149S,普通,新木場,749,平日,新河岸,発,812
東武東上線,下り,2149S,普通,新木場,749,平日,川越,発,815
東武東上線,下り,2149S,普通,新木場,749,平日,川越市,着,816
東武東上線,下り,3307,準急,池袋,738,平日,池袋,発,738
東武東上線,下り,3307,準急,池袋,738,平日,北池袋,発,レ
東武東上線,下り,3307,準急,池袋,738,平日,下板橋,発,レ
東武東上線,下り,3307,準急,池袋,738,平日,大山,発,レ
東武東上線,下り,3307,準急,池袋,738,平日,中板橋,発,レ
東武東上線,下り,3307,準急,池袋,738,平日,ときわ台,発,レ
東武東上線,下り,3307,準急,池袋,738,平日,上板橋,発,745
東武東上線,下り,3307,準急,池袋,738,平日,東武練馬,発,レ
東武東上線,下り,3307,準急,池袋,738,平日,下赤塚,発,レ
東武東上線,下り,3307,準急,池袋,738,平日,成増,着,749
東武東上線,下り,3307,準急,池袋,738,平日,成増,発,750
東武東上線,下り,3307,準急,池袋,738,平日,和光市,発,753
東武東上線,下り,3307,準急,池袋,738,平日,朝霞,発,755
東武東上線,下り,3307,準急,池袋,738,平日,朝霞台,発,758
東武東上線,下り,3307,準急,池袋,738,平日,志木,着,800
東武東上線,下り,3307,準急,池袋,738,平日,志木,発,801
東武東上線,下り,3307,準急,池袋,738,平日,柳瀬川,発,803
東武東上線,下り,3307,準急,池袋,738,平日,みずほ台,発,805
東武東上線,下り,3307,準急,池袋,738,平日,鶴瀬,発,808
東武東上線,下り,3307,準急,池袋,738,平日,ふじみ野,着,810
東武東上線,下り,3307,準急,池袋,738,平日,ふじみ野,発,813
東武東上線,下り,3307,準急,池袋,738,平日,上福岡,発,815
東武東上線,下り,3307,準急,池袋,738,平日,新河岸,発,818
東武東上線,下り,3307,準急,池袋,738,平日,川越,発,821
東武東上線,下り,3307,準急,池袋,738,平日,川越市,着,822
東武東上線,下り,309,普通,池袋,739,平日,池袋,発,739
東武東上線,下り,309,普通,池袋,739,平日,北池袋,発,741
東武東上線,下り,309,普通,池袋,739,平日,下板橋,発,742
東武東上線,下り,309,普通,池袋,739,平日,大山,発,744
東武東上線,下り,309,普通,池袋,739,平日,中板橋,発,746
東武東上線,下り,309,普通,池袋,739,平日,ときわ台,発,747
東武東上線,下り,309,普通,池袋,739,平日,上板橋,発,752
東武東上線,下り,309,普通,池袋,739,平日,東武練馬,発,755
東武東上線,下り,309,普通,池袋,739,平日,下赤塚,発,757
東武東上線,下り,309,普通,池袋,739,平日,成増,着,759
東武東上線,下り,309,普通,池袋,739,平日,成増,発,759
東武東上線,下り,309,普通,池袋,739,平日,和光市,発,802
東武東上線,下り,309,普通,池袋,739,平日,朝霞,発,804
東武東上線,下り,309,普通,池袋,739,平日,朝霞台,発,807
東武東上線,下り,309,普通,池袋,739,平日,志木,着,809
東武東上線,下り,309,普通,池袋,739,平日,志木,発,810
東武東上線,下り,309,普通,池袋,739,平日,柳瀬川,発,812
東武東上線,下り,309,普通,池袋,739,平日,みずほ台,発,814
東武東上線,下り,309,普通,池袋,739,平日,鶴瀬,発,817
東武東上線,下り,309,普通,池袋,739,平日,ふじみ野,着,819
東武東上線,下り,309,普通,池袋,739,平日,ふじみ野,発,823
東武東上線,下り,309,普通,池袋,739,平日,上福岡,発,825
東武東上線,下り,309,普通,池袋,739,平日,新河岸,発,828
東武東上線,下り,309,普通,池袋,739,平日,川越,発,831
東武東上線,下り,309,普通,池袋,739,平日,川越市,着,832
東武東上線,下り,507,普通,池袋,741,平日,池袋,発,741
東武東上線,下り,507,普通,池袋,741,平日,北池袋,発,743
東武東上線,下り,507,普通,池袋,741,平日,下板橋,発,744
東武東上線,下り,507,普通,池袋,741,平日,大山,発,746
東武東上線,下り,507,普通,池袋,741,平日,中板橋,発,751
東武東上線,下り,507,普通,池袋,741,平日,ときわ台,発,752
東武東上線,下り,507,普通,池袋,741,平日,上板橋,発,754
東武東上線,下り,507,普通,池袋,741,平日,東武練馬,発,757
東武東上線,下り,507,普通,池袋,741,平日,下赤塚,発,759
東武東上線,下り,507,普通,池袋,741,平日,成増,着,801
東武東上線,下り,507,普通,池袋,741,平日,成増,発,802
東武東上線,下り,507,普通,池袋,741,平日,和光市,発,804
東武東上線,下り,507,普通,池袋,741,平日,朝霞,発,807
東武東上線,下り,507,普通,池袋,741,平日,朝霞台,発,810
東武東上線,下り,507,普通,池袋,741,平日,志木,着,812
東武東上線,下り,1013,急行,池袋,745,平日,池袋,発,745
東武東上線,下り,1013,急行,池袋,745,平日,北池袋,発,レ
東武東上線,下り,1013,急行,池袋,745,平日,下板橋,発,レ
東武東上線,下り,1013,急行,池袋,745,平日,大山,発,レ
東武東上線,下り,1013,急行,池袋,745,平日,中板橋,発,レ
東武東上線,下り,1013,急行,池袋,745,平日,ときわ台,発,レ
東武東上線,下り,1013,急行,池袋,745,平日,上板橋,発,レ
東武東上線,下り,1013,急行,池袋,745,平日,東武練馬,発,レ
東武東上線,下り,1013,急行,池袋,745,平日,下赤塚,発,レ
東武東上線,下り,1013,急行,池袋,745,平日,成増,着,755
東武東上線,下り,1013,急行,池袋,745,平日,成増,発,755
東武東上線,下り,1013,急行,池袋,745,平日,和光市,発,758
東武東上線,下り,1013,急行,池袋,745,平日,朝霞,発,800
東武東上線,下り,1013,急行,池袋,745,平日,朝霞台,発,803
東武東上線,下り,1013,急行,池袋,745,平日,志木,着,805
東武東上線,下り,1013,急行,池袋,745,平日,志木,発,806
東武東上線,下り,1013,急行,池袋,745,平日,柳瀬川,発,レ
東武東上線,下り,1013,急行,池袋,745,平日,みずほ台,発,レ
東武東上線,下り,1013,急行,池袋,745,平日,鶴瀬,発,レ
東武東上線,下り,1013,急行,池袋,745,平日,ふじみ野,着,811
東武東上線,下り,1013,急行,池袋,745,平日,ふじみ野,発,812
東武東上線,下り,1013,急行,池袋,745,平日,上福岡,発,レ
東武東上線,下り,1013,急行,池袋,745,平日,新河岸,発,レ
東武東上線,下り,1013,急行,池袋,745,平日,川越,発,817
東武東上線,下り,1013,急行,池袋,745,平日,川越市,着,819
東武東上線,下り,1013,急行,池袋,745,平日,川越市,発,820
東武東上線,下り,1013,急行,池袋,745,平日,霞ヶ関,発,823
東武東上線,下り,1013,急行,池袋,745,平日,鶴ヶ島,発,826
東武東上線,下り,1013,急行,池袋,745,平日,若葉,発,828
東武東上線,下り,1013,急行,池袋,745,平日,坂戸,着,830
東武東上線,下り,1013,急行,池袋,745,平日,坂戸,発,831
東武東上線,下り,1013,急行,池袋,745,平日,北坂戸,発,833
東武東上線,下り,1013,急行,池袋,745,平日,高坂,発,837
東武東上線,下り,1013,急行,池袋,745,平日,東松山,発,841
東武東上線,下り,1013,急行,池袋,745,平日,森林公園,着,843
東武東上線,下り,1013,急行,池袋,745,平日,森林公園,発,844
東武東上線,下り,1013,急行,池袋,745,平日,つきのわ,発,847
東武東上線,下り,1013,急行,池袋,745,平日,武蔵嵐山,発,849
東武東上線,下り,1013,急行,池袋,745,平日,小川町,着,856
東武東上線,下り,2161S,普通,池袋,759,平日,和光市,発,759
東武東上線,下り,2161S,普通,池袋,759,平日,朝霞,発,802
東武東上線,下り,2161S,普通,池袋,759,平日,朝霞台,発,805
東武東上線,下り,2161S,普通,池袋,759,平日,志木,着,806
東武東上線,下り,2161S,普通,池袋,759,平日,志木,発,807
東武東上線,下り,2161S,普通,池袋,759,平日,柳瀬川,発,809
東武東上線,下り,2161S,普通,池袋,759,平日,みずほ台,発,811
東武東上線,下り,2161S,普通,池袋,759,平日,鶴瀬,発,814
東武東上線,下り,2161S,普通,池袋,759,平日,ふじみ野,着,816
東武東上線,下り,2161S,普通,池袋,759,平日,ふじみ野,発,816
東武東上線,下り,2161S,普通,池袋,759,平日,上福岡,発,819
東武東上線,下り,2161S,普通,池袋,759,平日,新河岸,発,822
東武東上線,下り,2161S,普通,池袋,759,平日,川越,発,824
東武東上線,下り,2161S,普通,池袋,759,平日,川越市,着,826
東武東上線,下り,151K,快速急行,海老名,809,平日,和光市,発,809
東武東上線,下り,151K,快速急行,海老名,809,平日,朝霞,発,レ
東武東上線,下り,151K,快速急行,海老名,809,平日,朝霞台,発,814
東武東上線,下り,151K,快速急行,海老名,809,平日,志木,着,レ
東武東上線,下り,151K,快速急行,海老名,809,平日,志木,発,レ
東武東上線,下り,151K,快速急行,海老名,809,平日,柳瀬川,発,レ
東武東上線,下り,151K,快速急行,海老名,809,平日,みずほ台,発,レ
東武東上線,下り,151K,快速急行,海老名,809,平日,鶴瀬,発,レ
東武東上線,下り,151K,快速急行,海老名,809,平日,ふじみ野,着,レ
東武東上線,下り,151K,快速急行,海老名,809,平日,ふじみ野,発,レ
東武東上線,下り,151K,快速急行,海老名,809,平日,上福岡,発,レ
東武東上線,下り,151K,快速急行,海老名,809,平日,新河岸,発,レ
東武東上線,下り,151K,快速急行,海老名,809,平日,川越,発,826
東武東上線,下り,151K,快速急行,海老名,809,平日,川越市,着,828
東武東上線,下り,151K,快速急行,海老名,809,平日,川越市,発,828
東武東上線,下り,151K,快速急行,海老名,809,平日,霞ヶ関,発,832
東武東上線,下り,151K,快速急行,海老名,809,平日,鶴ヶ島,発,835
東武東上線,下り,151K,快速急行,海老名,809,平日,若葉,発,837
東武東上線,下り,151K,快速急行,海老名,809,平日,坂戸,着,839
東武東上線,下り,151K,快速急行,海老名,809,平日,坂戸,発,839
東武東上線,下り,151K,快速急行,海老名,809,平日,北坂戸,発,842
東武東上線,下り,151K,快速急行,海老名,809,平日,高坂,発,846
東武東上線,下り,151K,快速急行,海老名,809,平日,東松山,発,849
東武東上線,下り,151K,快速急行,海老名,809,平日,森林公園,着,852
東武東上線,下り,721,普通,池袋,746,平日,池袋,発,746
東武東上線,下り,721,普通,池袋,746,平日,北池袋,発,748
東武東上線,下り,721,普通,池袋,746,平日,下板橋,発,749
東武東上線,下り,721,普通,池袋,746,平日,大山,発,751
東武東上線,下り,721,普通,池袋,746,平日,中板橋,発,753
東武東上線,下り,721,普通,池袋,746,平日,ときわ台,発,755
東武東上線,下り,721,普通,池袋,746,平日,上板橋,発,757
東武東上線,下り,721,普通,池袋,746,平日,東武練馬,発,759
東武東上線,下り,721,普通,池袋,746,平日,下赤塚,発,801
東武東上線,下り,721,普通,池袋,746,平日,成増,着,803
東武東上線,下り,201,普通,池袋,750,平日,池袋,発,750
東武東上線,下り,201,普通,池袋,750,平日,北池袋,発,752
東武東上線,下り,201,普通,池袋,750,平日,下板橋,発,753
東武東上線,下り,201,普通,池袋,750,平日,大山,発,755
東武東上線,下り,201,普通,池袋,750,平日,中板橋,発,759
東武東上線,下り,201,普通,池袋,750,平日,ときわ台,発,801
東武東上線,下り,201,普通,池袋,750,平日,上板橋,発,803
東武東上線,下り,201,普通,池袋,750,平日,東武練馬,発,805
東武東上線,下り,201,普通,池袋,750,平日,下赤塚,発,807
東武東上線,下り,201,普通,池袋,750,平日,成増,着,809
東武東上線,下り,201,普通,池袋,750,平日,成増,発,810
東武東上線,下り,201,普通,池袋,750,平日,和光市,発,812
東武東上線,下り,201,普通,池袋,750,平日,朝霞,発,815
東武東上線,下り,201,普通,池袋,750,平日,朝霞台,発,818
東武東上線,下り,201,普通,池袋,750,平日,志木,着,820
東武東上線,下り,201,普通,池袋,750,平日,志木,発,824
東武東上線,下り,201,普通,池袋,750,平日,柳瀬川,発,826
東武東上線,下り,201,普通,池袋,750,平日,みずほ台,発,829
東武東上線,下り,201,普通,池袋,750,平日,鶴瀬,発,831
東武東上線,下り,201,普通,池袋,750,平日,ふじみ野,着,833
東武東上線,下り,201,普通,池袋,750,平日,ふじみ野,発,833
東武東上線,下り,201,普通,池袋,750,平日,上福岡,発,836
東武東上線,下り,201,普通,池袋,750,平日,新河岸,発,839
東武東上線,下り,201,普通,池袋,750,平日,川越,発,841
東武東上線,下り,201,普通,池袋,750,平日,川越市,着,843
東武東上線,下り,201,普通,池袋,750,平日,川越市,発,844
東武東上線,下り,201,普通,池袋,750,平日,霞ヶ関,発,847
東武東上線,下り,201,普通,池袋,750,平日,鶴ヶ島,発,850
東武東上線,下り,201,普通,池袋,750,平日,若葉,発,852
東武東上線,下り,201,普通,池袋,750,平日,坂戸,着,854
東武東上線,下り,201,普通,池袋,750,平日,坂戸,発,855
東武東上線,下り,201,普通,池袋,750,平日,北坂戸,発,857
東武東上線,下り,201,普通,池袋,750,平日,高坂,発,901
東武東上線,下り,201,普通,池袋,750,平日,東松山,発,905
東武東上線,下り,201,普通,池袋,750,平日,森林公園,着,907
東武東上線,下り,3309,準急,池袋,754,平日,池袋,発,754
東武東上線,下り,3309,準急,池袋,754,平日,北池袋,発,レ
東武東上線,下り,3309,準急,池袋,754,平日,下板橋,発,レ
東武東上線,下り,3309,準急,池袋,754,平日,大山,発,レ
東武東上線,下り,3309,準急,池袋,754,平日,中板橋,発,レ
東武東上線,下り,3309,準急,池袋,754,平日,ときわ台,発,レ
東武東上線,下り,3309,準急,池袋,754,平日,上板橋,発,801
東武東上線,下り,3309,準急,池袋,754,平日,東武練馬,発,レ
東武東上線,下り,3309,準急,池袋,754,平日,下赤塚,発,レ
東武東上線,下り,3309,準急,池袋,754,平日,成増,着,805
東武東上線,下り,3309,準急,池袋,754,平日,成増,発,805
東武東上線,下り,3309,準急,池袋,754,平日,和光市,発,810
東武東上線,下り,3309,準急,池袋,754,平日,朝霞,発,812
東武東上線,下り,3309,準急,池袋,754,平日,朝霞台,発,815
東武東上線,下り,3309,準急,池袋,754,平日,志木,着,817
東武東上線,下り,3309,準急,池袋,754,平日,志木,発,818
東武東上線,下り,3309,準急,池袋,754,平日,柳瀬川,発,820
東武東上線,下り,3309,準急,池袋,754,平日,みずほ台,発,822
東武東上線,下り,3309,準急,池袋,754,平日,鶴瀬,発,825
東武東上線,下り,3309,準急,池袋,754,平日,ふじみ野,着,827
東武東上線,下り,3309,準急,池袋,754,平日,ふじみ野,発,830
東武東上線,下り,3309,準急,池袋,754,平日,上福岡,発,833
東武東上線,下り,3309,準急,池袋,754,平日,新河岸,発,835
東武東上線,下り,3309,準急,池袋,754,平日,川越,発,838
東武東上線,下り,3309,準急,池袋,754,平日,川越市,着,840
東武東上線,下り,723,普通,池袋,755,平日,池袋,発,755
東武東上線,下り,723,普通,池袋,755,平日,北池袋,発,757
東武東上線,下り,723,普通,池袋,755,平日,下板橋,発,758
東武東上線,下り,723,普通,池袋,755,平日,大山,発,800
東武東上線,下り,723,普通,池袋,755,平日,中板橋,発,802
東武東上線,下り,723,普通,池袋,755,平日,ときわ台,発,803
東武東上線,下り,723,普通,池袋,755,平日,上板橋,発,808
東武東上線,下り,723,普通,池袋,755,平日,東武練馬,発,810
東武東上線,下り,723,普通,池袋,755,平日,下赤塚,発,813
東武東上線,下り,723,普通,池袋,755,平日,成増,着,815
東武東上線,下り,311,普通,池袋,757,平日,池袋,発,757
東武東上線,下り,311,普通,池袋,757,平日,北池袋,発,759
東武東上線,下り,311,普通,池袋,757,平日,下板橋,発,800
東武東上線,下り,311,普通,池袋,757,平日,大山,発,802
東武東上線,下り,311,普通,池袋,757,平日,中板橋,発,807
東武東上線,下り,311,普通,池袋,757,平日,ときわ台,発,809
東武東上線,下り,311,普通,池袋,757,平日,上板橋,発,811
東武東上線,下り,311,普通,池袋,757,平日,東武練馬,発,813
東武東上線,下り,311,普通,池袋,757,平日,下赤塚,発,815
東武東上線,下り,311,普通,池袋,757,平日,成増,着,817
東武東上線,下り,311,普通,池袋,757,平日,成増,発,818
東武東上線,下り,311,普通,池袋,757,平日,和光市,発,820
東武東上線,下り,311,普通,池袋,757,平日,朝霞,発,823
東武東上線,下り,311,普通,池袋,757,平日,朝霞台,発,826
東武東上線,下り,311,普通,池袋,757,平日,志木,着,828
東武東上線,下り,311,普通,池袋,757,平日,志木,発,828
東武東上線,下り,311,普通,池袋,757,平日,柳瀬川,発,831
東武東上線,下り,311,普通,池袋,757,平日,みずほ台,発,833
東武東上線,下り,311,普通,池袋,757,平日,鶴瀬,発,835
東武東上線,下り,311,普通,池袋,757,平日,ふじみ野,着,837
東武東上線,下り,311,普通,池袋,757,平日,ふじみ野,発,838
東武東上線,下り,311,普通,池袋,757,平日,上福岡,発,840
東武東上線,下り,311,普通,池袋,757,平日,新河岸,発,843
東武東上線,下り,311,普通,池袋,757,平日,川越,発,846
東武東上線,下り,311,普通,池袋,757,平日,川越市,着,847
東武東上線,下り,1015,急行,池袋,800,平日,池袋,発,800
東武東上線,下り,1015,急行,池袋,800,平日,北池袋,発,レ
東武東上線,下り,1015,急行,池袋,800,平日,下板橋,発,レ
東武東上線,下り,1015,急行,池袋,800,平日,大山,発,レ
東武東上線,下り,1015,急行,池袋,800,平日,中板橋,発,レ
東武東上線,下り,1015,急行,池袋,800,平日,ときわ台,発,レ
東武東上線,下り,1015,急行,池袋,800,平日,上板橋,発,レ
東武東上線,下り,1015,急行,池袋,800,平日,東武練馬,発,レ
東武東上線,下り,1015,急行,池袋,800,平日,下赤塚,発,レ
東武東上線,下り,1015,急行,池袋,800,平日,成増,着,811
東武東上線,下り,1015,急行,池袋,800,平日,成増,発,812
東武東上線,下り,1015,急行,池袋,800,平日,和光市,発,814
東武東上線,下り,1015,急行,池袋,800,平日,朝霞,発,817
東武東上線,下り,1015,急行,池袋,800,平日,朝霞台,発,820
東武東上線,下り,1015,急行,池袋,800,平日,志木,着,822
東武東上線,下り,1015,急行,池袋,800,平日,志木,発,823
東武東上線,下り,1015,急行,池袋,800,平日,柳瀬川,発,レ
東武東上線,下り,1015,急行,池袋,800,平日,みずほ台,発,レ
東武東上線,下り,1015,急行,池袋,800,平日,鶴瀬,発,レ
東武東上線,下り,1015,急行,池袋,800,平日,ふじみ野,着,828
東武東上線,下り,1015,急行,池袋,800,平日,ふじみ野,発,829
東武東上線,下り,1015,急行,池袋,800,平日,上福岡,発,レ
東武東上線,下り,1015,急行,池袋,800,平日,新河岸,発,レ
東武東上線,下り,1015,急行,池袋,800,平日,川越,発,835
東武東上線,下り,1015,急行,池袋,800,平日,川越市,着,836
東武東上線,下り,1015,急行,池袋,800,平日,川越市,発,837
東武東上線,下り,1015,急行,池袋,800,平日,霞ヶ関,発,840
東武東上線,下り,1015,急行,池袋,800,平日,鶴ヶ島,発,843
東武東上線,下り,1015,急行,池袋,800,平日,若葉,発,845
東武東上線,下り,1015,急行,池袋,800,平日,坂戸,着,847
東武東上線,下り,1015,急行,池袋,800,平日,坂戸,発,848
東武東上線,下り,1015,急行,池袋,800,平日,北坂戸,発,851
東武東上線,下り,1015,急行,池袋,800,平日,高坂,発,854
東武東上線,下り,1015,急行,池袋,800,平日,東松山,発,858
東武東上線,下り,1015,急行,池袋,800,平日,森林公園,着,900
東武東上線,下り,1015,急行,池袋,800,平日,森林公園,発,901
東武東上線,下り,1015,急行,池袋,800,平日,つきのわ,発,904
東武東上線,下り,1015,急行,池袋,800,平日,武蔵嵐山,発,906
東武東上線,下り,1015,急行,池袋,800,平日,小川町,着,913
東武東上線,下り,509,普通,池袋,802,平日,池袋,発,802
東武東上線,下り,509,普通,池袋,802,平日,北池袋,発,804
東武東上線,下り,509,普通,池袋,802,平日,下板橋,発,805
東武東上線,下り,509,普通,池袋,802,平日,大山,発,807
東武東上線,下り,509,普通,池袋,802,平日,中板橋,発,809
東武東上線,下り,509,普通,池袋,802,平日,ときわ台,発,811
東武東上線,下り,509,普通,池袋,802,平日,上板橋,発,816
東武東上線,下り,509,普通,池袋,802,平日,東武練馬,発,819
東武東上線,下り,509,普通,池袋,802,平日,下赤塚,発,821
東武東上線,下り,509,普通,池袋,802,平日,成増,着,823
東武東上線,下り,509,普通,池袋,802,平日,成増,発,823
東武東上線,下り,509,普通,池袋,802,平日,和光市,発,826
東武東上線,下り,509,普通,池袋,802,平日,朝霞,発,828
東武東上線,下り,509,普通,池袋,802,平日,朝霞台,発,831
東武東上線,下り,509,普通,池袋,802,平日,志木,着,833
東武東上線,下り,3311,準急,池袋,808,平日,池袋,発,808
東武東上線,下り,3311,準急,池袋,808,平日,北池袋,発,レ
東武東上線,下り,3311,準急,池袋,808,平日,下板橋,発,レ
東武東上線,下り,3311,準急,池袋,808,平日,大山,発,レ
東武東上線,下り,3311,準急,池袋,808,平日,中板橋,発,レ
東武東上線,下り,3311,準急,池袋,808,平日,ときわ台,発,レ
東武東上線,下り,3311,準急,池袋,808,平日,上板橋,発,815
東武東上線,下り,3311,準急,池袋,808,平日,東武練馬,発,レ
東武東上線,下り,3311,準急,池袋,808,平日,下赤塚,発,レ
東武東上線,下り,3311,準急,池袋,808,平日,成増,着,819
東武東上線,下り,3311,準急,池袋,808,平日,成増,発,820
東武東上線,下り,3311,準急,池袋,808,平日,和光市,発,823
東武東上線,下り,3311,準急,池袋,808,平日,朝霞,発,826
東武東上線,下り,3311,準急,池袋,808,平日,朝霞台,発,829
東武東上線,下り,3311,準急,池袋,808,平日,志木,着,831
東武東上線,下り,3311,準急,池袋,808,平日,志木,発,831
東武東上線,下り,3311,準急,池袋,808,平日,柳瀬川,発,834
東武東上線,下り,3311,準急,池袋,808,平日,みずほ台,発,836
東武東上線,下り,3311,準急,池袋,808,平日,鶴瀬,発,838
東武東上線,下り,3311,準急,池袋,808,平日,ふじみ野,着,840
東武東上線,下り,3311,準急,池袋,808,平日,ふじみ野,発,845
東武東上線,下り,3311,準急,池袋,808,平日,上福岡,発,848
東武東上線,下り,3311,準急,池袋,808,平日,新河岸,発,851
東武東上線,下り,3311,準急,池袋,808,平日,川越,発,853
東武東上線,下り,3311,準急,池袋,808,平日,川越市,着,855
東武東上線,下り,819,普通,池袋,809,平日,池袋,発,809
東武東上線,下り,819,普通,池袋,809,平日,北池袋,発,811
東武東上線,下り,819,普通,池袋,809,平日,下板橋,発,812
東武東上線,下り,819,普通,池袋,809,平日,大山,発,814
東武東上線,下り,819,普通,池袋,809,平日,中板橋,発,816
東武東上線,下り,819,普通,池袋,809,平日,ときわ台,発,817
東武東上線,下り,819,普通,池袋,809,平日,上板橋,発,819
東武東上線,下り,819,普通,池袋,809,平日,東武練馬,発,821
東武東上線,下り,819,普通,池袋,809,平日,下赤塚,発,824
東武東上線,下り,819,普通,池袋,809,平日,成増,着,826
東武東上線,下り,511,普通,池袋,811,平日,池袋,発,811
東武東上線,下り,511,普通,池袋,811,平日,北池袋,発,813
東武東上線,下り,511,普通,池袋,811,平日,下板橋,発,814
東武東上線,下り,511,普通,池袋,811,平日,大山,発,816
東武東上線,下り,511,普通,池袋,811,平日,中板橋,発,821
東武東上線,下り,511,普通,池袋,811,平日,ときわ台,発,823
東武東上線,下り,511,普通,池袋,811,平日,上板橋,発,825
東武東上線,下り,511,普通,池袋,811,平日,東武練馬,発,827
東武東上線,下り,511,普通,池袋,811,平日,下赤塚,発,829
東武東上線,下り,511,普通,池袋,811,平日,成増,着,831
東武東上線,下り,511,普通,池袋,811,平日,成増,発,831
東武東上線,下り,511,普通,池袋,811,平日,和光市,発,834
東武東上線,下り,511,普通,池袋,811,平日,朝霞,発,837
東武東上線,下り,511,普通,池袋,811,平日,朝霞台,発,840
東武東上線,下り,511,普通,池袋,811,平日,志木,着,842
東武東上線,下り,1017,急行,池袋,815,平日,池袋,発,815
東武東上線,下り,1017,急行,池袋,815,平日,北池袋,発,レ
東武東上線,下り,1017,急行,池袋,815,平日,下板橋,発,レ
東武東上線,下り,1017,急行,池袋,815,平日,大山,発,レ
東武東上線,下り,1017,急行,池袋,815,平日,中板橋,発,レ
東武東上線,下り,1017,急行,池袋,815,平日,ときわ台,発,レ
東武東上線,下り,1017,急行,池袋,815,平日,上板橋,発,レ
東武東上線,下り,1017,急行,池袋,815,平日,東武練馬,発,レ
東武東上線,下り,1017,急行,池袋,815,平日,下赤塚,発,レ
東武東上線,下り,1017,急行,池袋,815,平日,成増,着,827
東武東上線,下り,1017,急行,池袋,815,平日,成増,発,828
東武東上線,下り,1017,急行,池袋,815,平日,和光市,発,830
東武東上線,下り,1017,急行,池袋,815,平日,朝霞,発,833
東武東上線,下り,1017,急行,池袋,815,平日,朝霞台,発,836
東武東上線,下り,1017,急行,池袋,815,平日,志木,着,838
東武東上線,下り,1017,急行,池袋,815,平日,志木,発,838
東武東上線,下り,1017,急行,池袋,815,平日,柳瀬川,発,レ
東武東上線,下り,1017,急行,池袋,815,平日,みずほ台,発,レ
東武東上線,下り,1017,急行,池袋,815,平日,鶴瀬,発,レ
東武東上線,下り,1017,急行,池袋,815,平日,ふじみ野,着,844
東武東上線,下り,1017,急行,池袋,815,平日,ふじみ野,発,844
東武東上線,下り,1017,急行,池袋,815,平日,上福岡,発,レ
東武東上線,下り,1017,急行,池袋,815,平日,新河岸,発,レ
東武東上線,下り,1017,急行,池袋,815,平日,川越,発,850
東武東上線,下り,1017,急行,池袋,815,平日,川越市,着,851
東武東上線,下り,1017,急行,池袋,815,平日,川越市,発,852
東武東上線,下り,1017,急行,池袋,815,平日,霞ヶ関,発,855
東武東上線,下り,1017,急行,池袋,815,平日,鶴ヶ島,発,858
東武東上線,下り,1017,急行,池袋,815,平日,若葉,発,900
東武東上線,下り,1017,急行,池袋,815,平日,坂戸,着,902
東武東上線,下り,1017,急行,池袋,815,平日,坂戸,発,903
東武東上線,下り,1017,急行,池袋,815,平日,北坂戸,発,906
東武東上線,下り,1017,急行,池袋,815,平日,高坂,発,909
東武東上線,下り,1017,急行,池袋,815,平日,東松山,発,913
東武東上線,下り,1017,急行,池袋,815,平日,森林公園,着,916
東武東上線,下り,1017,急行,池袋,815,平日,森林公園,発,916
東武東上線,下り,1017,急行,池袋,815,平日,つきのわ,発,919
東武東上線,下り,1017,急行,池袋,815,平日,武蔵嵐山,発,921
東武東上線,下り,1017,急行,池袋,815,平日,小川町,着,928
東武東上線,下り,3119T,普通,元町・中華街,829,平日,和光市,発,829
東武東上線,下り,3119T,普通,元町・中華街,829,平日,朝霞,発,832
東武東上線,下り,3119T,普通,元町・中華街,829,平日,朝霞台,発,835
東武東上線,下り,3119T,普通,元町・中華街,829,平日,志木,着,837
東武東上線,下り,3119T,普通,元町・中華街,829,平日,志木,発,839
東武東上線,下り,3119T,普通,元町・中華街,829,平日,柳瀬川,発,842
東武東上線,下り,3119T,普通,元町・中華街,829,平日,みずほ台,発,844
東武東上線,下り,3119T,普通,元町・中華街,829,平日,鶴瀬,発,846
東武東上線,下り,3119T,普通,元町・中華街,829,平日,ふじみ野,着,848
東武東上線,下り,3119T,普通,元町・中華街,829,平日,ふじみ野,発,849
東武東上線,下り,3119T,普通,元町・中華街,829,平日,上福岡,発,851
東武東上線,下り,3119T,普通,元町・中華街,829,平日,新河岸,発,854
東武東上線,下り,3119T,普通,元町・中華街,829,平日,川越,発,857
東武東上線,下り,3119T,普通,元町・中華街,829,平日,川越市,着,858
東武東上線,下り,3119T,普通,元町・中華街,829,平日,川越市,発,859
東武東上線,下り,3119T,普通,元町・中華街,829,平日,霞ヶ関,発,902
東武東上線,下り,3119T,普通,元町・中華街,829,平日,鶴ヶ島,発,905
東武東上線,下り,3119T,普通,元町・中華街,829,平日,若葉,発,907
東武東上線,下り,3119T,普通,元町・中華街,829,平日,坂戸,着,909
東武東上線,下り,3119T,普通,元町・中華街,829,平日,坂戸,発,910
東武東上線,下り,3119T,普通,元町・中華街,829,平日,北坂戸,発,913
東武東上線,下り,3119T,普通,元町・中華街,829,平日,高坂,発,916
東武東上線,下り,3119T,普通,元町・中華街,829,平日,東松山,発,920
東武東上線,下り,3119T,普通,元町・中華街,829,平日,森林公園,着,922
東武東上線,下り,2167S,普通,新木場,832,平日,和光市,発,832
東武東上線,下り,2167S,普通,新木場,832,平日,朝霞,発,834
東武東上線,下り,2167S,普通,新木場,832,平日,朝霞台,発,837
東武東上線,下り,2167S,普通,新木場,832,平日,志木,着,840
東武東上線,下り,2167S,普通,新木場,832,平日,志木,発,841
東武東上線,下り,2167S,普通,新木場,832,平日,柳瀬川,発,844
東武東上線,下り,2167S,普通,新木場,832,平日,みずほ台,発,846
東武東上線,下り,2167S,普通,新木場,832,平日,鶴瀬,発,848
東武東上線,下り,2167S,普通,新木場,832,平日,ふじみ野,着,851
東武東上線,下り,2167S,普通,新木場,832,平日,ふじみ野,発,851
東武東上線,下り,2167S,普通,新木場,832,平日,上福岡,発,854
東武東上線,下り,2167S,普通,新木場,832,平日,新河岸,発,856
東武東上線,下り,2167S,普通,新木場,832,平日,川越,発,859
東武東上線,下り,2167S,普通,新木場,832,平日,川越市,着,901
東武東上線,下り,313,普通,池袋,816,平日,池袋,発,816
東武東上線,下り,313,普通,池袋,816,平日,北池袋,発,818
東武東上線,下り,313,普通,池袋,816,平日,下板橋,発,819
東武東上線,下り,313,普通,池袋,816,平日,大山,発,821
東武東上線,下り,313,普通,池袋,816,平日,中板橋,発,823
東武東上線,下り,313,普通,池袋,816,平日,ときわ台,発,825
東武東上線,下り,313,普通,池袋,816,平日,上板橋,発,830
東武東上線,下り,313,普通,池袋,816,平日,東武練馬,発,832
東武東上線,下り,313,普通,池袋,816,平日,下赤塚,発,835
東武東上線,下り,313,普通,池袋,816,平日,成増,着,836
東武東上線,下り,313,普通,池袋,816,平日,成増,発,837
東武東上線,下り,313,普通,池袋,816,平日,和光市,発,840
東武東上線,下り,313,普通,池袋,816,平日,朝霞,発,842
東武東上線,下り,313,普通,池袋,816,平日,朝霞台,発,845
東武東上線,下り,313,普通,池袋,816,平日,志木,着,847
東武東上線,下り,313,普通,池袋,816,平日,志木,発,848
東武東上線,下り,313,普通,池袋,816,平日,柳瀬川,発,850
東武東上線,下り,313,普通,池袋,816,平日,みずほ台,発,852
東武東上線,下り,313,普通,池袋,816,平日,鶴瀬,発,854
東武東上線,下り,313,普通,池袋,816,平日,ふじみ野,着,857
東武東上線,下り,313,普通,池袋,816,平日,ふじみ野,発,900
東武東上線,下り,313,普通,池袋,816,平日,上福岡,発,903
東武東上線,下り,313,普通,池袋,816,平日,新河岸,発,906
東武東上線,下り,313,普通,池袋,816,平日,川越,発,908
東武東上線,下り,313,普通,池袋,816,平日,川越市,着,910
東武東上線,下り,3205,準急,池袋,820,平日,池袋,発,820
東武東上線,下り,3205,準急,池袋,820,平日,北池袋,発,レ
東武東上線,下り,3205,準急,池袋,820,平日,下板橋,発,レ
東武東上線,下り,3205,準急,池袋,820,平日,大山,発,レ
東武東上線,下り,3205,準急,池袋,820,平日,中板橋,発,レ
東武東上線,下り,3205,準急,池袋,820,平日,ときわ台,発,レ
東武東上線,下り,3205,準急,池袋,820,平日,上板橋,発,829
東武東上線,下り,3205,準急,池袋,820,平日,東武練馬,発,レ
東武東上線,下り,3205,準急,池袋,820,平日,下赤塚,発,レ
東武東上線,下り,3205,準急,池袋,820,平日,成増,着,834
東武東上線,下り,3205,準急,池袋,820,平日,成増,発,834
東武東上線,下り,3205,準急,池袋,820,平日,和光市,発,837
東武東上線,下り,3205,準急,池袋,820,平日,朝霞,発,840
東武東上線,下り,3205,準急,池袋,820,平日,朝霞台,発,843
東武東上線,下り,3205,準急,池袋,820,平日,志木,着,845
東武東上線,下り,3205,準急,池袋,820,平日,志木,発,845
東武東上線,下り,3205,準急,池袋,820,平日,柳瀬川,発,848
東武東上線,下り,3205,準急,池袋,820,平日,みずほ台,発,850
東武東上線,下り,3205,準急,池袋,820,平日,鶴瀬,発,852
東武東上線,下り,3205,準急,池袋,820,平日,ふじみ野,着,854
東武東上線,下り,3205,準急,池袋,820,平日,ふじみ野,発,855
東武東上線,下り,3205,準急,池袋,820,平日,上福岡,発,857
東武東上線,下り,3205,準急,池袋,820,平日,新河岸,発,900
東武東上線,下り,3205,準急,池袋,820,平日,川越,発,903
東武東上線,下り,3205,準急,池袋,820,平日,川越市,着,904
東武東上線,下り,3205,準急,池袋,820,平日,川越市,発,905
東武東上線,下り,3205,準急,池袋,820,平日,霞ヶ関,発,909
東武東上線,下り,3205,準急,池袋,820,平日,鶴ヶ島,発,911
東武東上線,下り,3205,準急,池袋,820,平日,若葉,発,914
東武東上線,下り,3205,準急,池袋,820,平日,坂戸,着,916
東武東上線,下り,3205,準急,池袋,820,平日,坂戸,発,916
東武東上線,下り,3205,準急,池袋,820,平日,北坂戸,発,919
東武東上線,下り,3205,準急,池袋,820,平日,高坂,発,922
東武東上線,下り,3205,準急,池袋,820,平日,東松山,発,926
東武東上線,下り,3205,準急,池袋,820,平日,森林公園,着,929
東武東上線,下り,727,普通,池袋,822,平日,池袋,発,822
東武東上線,下り,727,普通,池袋,822,平日,北池袋,発,824
東武東上線,下り,727,普通,池袋,822,平日,下板橋,発,825
東武東上線,下り,727,普通,池袋,822,平日,大山,発,827
東武東上線,下り,727,普通,池袋,822,平日,中板橋,発,829
東武東上線,下り,727,普通,池袋,822,平日,ときわ台,発,831
東武東上線,下り,727,普通,池袋,822,平日,上板橋,発,833
東武東上線,下り,727,普通,池袋,822,平日,東武練馬,発,835
東武東上線,下り,727,普通,池袋,822,平日,下赤塚,発,837
東武東上線,下り,727,普通,池袋,822,平日,成増,着,839
東武東上線,下り,203,普通,池袋,825,平日,池袋,発,825
東武東上線,下り,203,普通,池袋,825,平日,北池袋,発,827
東武東上線,下り,203,普通,池袋,825,平日,下板橋,発,828
東武東上線,下り,203,普通,池袋,825,平日,大山,発,830
東武東上線,下り,203,普通,池袋,825,平日,中板橋,発,832
東武東上線,下り,203,普通,池袋,825,平日,ときわ台,発,833
東武東上線,下り,203,普通,池袋,825,平日,上板橋,発,837
東武東上線,下り,203,普通,池袋,825,平日,東武練馬,発,840
東武東上線,下り,203,普通,池袋,825,平日,下赤塚,発,842
東武東上線,下り,203,普通,池袋,825,平日,成増,着,844
東武東上線,下り,203,普通,池袋,825,平日,成増,発,844
東武東上線,下り,203,普通,池袋,825,平日,和光市,発,847
東武東上線,下り,203,普通,池袋,825,平日,朝霞,発,850
東武東上線,下り,203,普通,池袋,825,平日,朝霞台,発,853
東武東上線,下り,203,普通,池袋,825,平日,志木,着,855
東武東上線,下り,203,普通,池袋,825,平日,志木,発,855
東武東上線,下り,203,普通,池袋,825,平日,柳瀬川,発,858
東武東上線,下り,203,普通,池袋,825,平日,みずほ台,発,900
東武東上線,下り,203,普通,池袋,825,平日,鶴瀬,発,902
東武東上線,下り,203,普通,池袋,825,平日,ふじみ野,着,904
東武東上線,下り,203,普通,池袋,825,平日,ふじみ野,発,905
東武東上線,下り,203,普通,池袋,825,平日,上福岡,発,907
東武東上線,下り,203,普通,池袋,825,平日,新河岸,発,910
東武東上線,下り,203,普通,池袋,825,平日,川越,発,913
東武東上線,下り,203,普通,池袋,825,平日,川越市,着,914
東武東上線,下り,203,普通,池袋,825,平日,川越市,発,915
東武東上線,下り,203,普通,池袋,825,平日,霞ヶ関,発,918
東武東上線,下り,203,普通,池袋,825,平日,鶴ヶ島,発,921
東武東上線,下り,203,普通,池袋,825,平日,若葉,発,923
東武東上線,下り,203,普通,池袋,825,平日,坂戸,着,925
東武東上線,下り,203,普通,池袋,825,平日,坂戸,発,926
東武東上線,下り,203,普通,池袋,825,平日,北坂戸,発,929
東武東上線,下り,203,普通,池袋,825,平日,高坂,発,932
東武東上線,下り,203,普通,池袋,825,平日,東松山,発,936
東武東上線,下り,203,普通,池袋,825,平日,森林公園,着,938
東武東上線,下り,1019,急行,池袋,830,平日,池袋,発,830
東武東上線,下り,1019,急行,池袋,830,平日,北池袋,発,レ
東武東上線,下り,1019,急行,池袋,830,平日,下板橋,発,レ
東武東上線,下り,1019,急行,池袋,830,平日,大山,発,レ
東武東上線,下り,1019,急行,池袋,830,平日,中板橋,発,レ
東武東上線,下り,1019,急行,池袋,830,平日,ときわ台,発,レ
東武東上線,下り,1019,急行,池袋,830,平日,上板橋,発,レ
東武東上線,下り,1019,急行,池袋,830,平日,東武練馬,発,レ
東武東上線,下り,1019,急行,池袋,830,平日,下赤塚,発,レ
東武東上線,下り,1019,急行,池袋,830,平日,成増,着,841
東武東上線,下り,1019,急行,池袋,830,平日,成増,発,841
東武東上線,下り,1019,急行,池袋,830,平日,和光市,発,844
東武東上線,下り,1019,急行,池袋,830,平日,朝霞,発,846
東武東上線,下り,1019,急行,池袋,830,平日,朝霞台,発,850
東武東上線,下り,1019,急行,池袋,830,平日,志木,着,852
東武東上線,下り,1019,急行,池袋,830,平日,志木,発,852
東武東上線,下り,1019,急行,池袋,830,平日,柳瀬川,発,レ
東武東上線,下り,1019,急行,池袋,830,平日,みずほ台,発,レ
東武東上線,下り,1019,急行,池袋,830,平日,鶴瀬,発,レ
東武東上線,下り,1019,急行,池袋,830,平日,ふじみ野,着,858
東武東上線,下り,1019,急行,池袋,830,平日,ふじみ野,発,859
東武東上線,下り,1019,急行,池袋,830,平日,上福岡,発,レ
東武東上線,下り,1019,急行,池袋,830,平日,新河岸,発,レ
東武東上線,下り,1019,急行,池袋,830,平日,川越,発,906
東武東上線,下り,1019,急行,池袋,830,平日,川越市,着,907
東武東上線,下り,1019,急行,池袋,830,平日,川越市,発,909
東武東上線,下り,1019,急行,池袋,830,平日,霞ヶ関,発,912
東武東上線,下り,1019,急行,池袋,830,平日,鶴ヶ島,発,915
東武東上線,下り,1019,急行,池袋,830,平日,若葉,発,917
東武東上線,下り,1019,急行,池袋,830,平日,坂戸,着,919
東武東上線,下り,1019,急行,池袋,830,平日,坂戸,発,920
東武東上線,下り,1019,急行,池袋,830,平日,北坂戸,発,923
東武東上線,下り,1019,急行,池袋,830,平日,高坂,発,926
東武東上線,下り,1019,急行,池袋,830,平日,東松山,発,930
東武東上線,下り,1019,急行,池袋,830,平日,森林公園,着,933
東武東上線,下り,1019,急行,池袋,830,平日,森林公園,発,935
東武東上線,下り,1019,急行,池袋,830,平日,つきのわ,発,938
東武東上線,下り,1019,急行,池袋,830,平日,武蔵嵐山,発,940
東武東上線,下り,1019,急行,池袋,830,平日,小川町,着,947
東武東上線,下り,513,普通,池袋,831,平日,池袋,発,731
東武東上線,下り,513,普通,池袋,831,平日,北池袋,発,833
東武東上線,下り,513,普通,池袋,831,平日,下板橋,発,834
東武東上線,下り,513,普通,池袋,831,平日,大山,発,836
東武東上線,下り,513,普通,池袋,831,平日,中板橋,発,838
東武東上線,下り,513,普通,池袋,831,平日,ときわ台,発,840
東武東上線,下り,513,普通,池袋,831,平日,上板橋,発,842
東武東上線,下り,513,普通,池袋,831,平日,東武練馬,発,844
東武東上線,下り,513,普通,池袋,831,平日,下赤塚,発,846
東武東上線,下り,513,普通,池袋,831,平日,成増,着,848
東武東上線,下り,513,普通,池袋,831,平日,成増,発,849
東武東上線,下り,513,普通,池袋,831,平日,和光市,発,851
東武東上線,下り,513,普通,池袋,831,平日,朝霞,発,854
東武東上線,下り,513,普通,池袋,831,平日,朝霞台,発,857
東武東上線,下り,513,普通,池袋,831,平日,志木,着,900
東武東上線,下り,729,普通,池袋,833,平日,池袋,発,833
東武東上線,下り,729,普通,池袋,833,平日,北池袋,発,835
東武東上線,下り,729,普通,池袋,833,平日,下板橋,発,836
東武東上線,下り,729,普通,池袋,833,平日,大山,発,838
東武東上線,下り,729,普通,池袋,833,平日,中板橋,発,840
東武東上線,下り,729,普通,池袋,833,平日,ときわ台,発,842
東武東上線,下り,729,普通,池袋,833,平日,上板橋,発,847
東武東上線,下り,729,普通,池袋,833,平日,東武練馬,発,849
東武東上線,下り,729,普通,池袋,833,平日,下赤塚,発,852
東武東上線,下り,729,普通,池袋,833,平日,成増,着,854
